Nº Pedido,Data Venda,Ano,Mês,ID Cliente,Produto,Origem,Destino,Origem_Lat,Origem_Lon,Destino_Lat,Destino_Lon
PED00001,02/10/2024,2024.0,out,1001.0,Aéreo (ida),BCN,LAX,41.2974,2.0833,33.9416,-118.4085
PED00002,02/10/2024,2024.0,out,1002.0,Aéreo (ida e volta),REC,BEL,-8.1269,-34.9236,-1.3792,-48.4781
PED00003,06/10/2024,2024.0,out,1003.0,Aéreo (ida e volta),REC,LAX,-8.1269,-34.9236,33.9416,-118.4085
PED00004,06/10/2024,2024.0,out,1004.0,Aéreo (ida e volta),REC,LAX,-8.1269,-34.9236,33.9416,-118.4085
PED00005,07/10/2024,2024.0,out,1005.0,Aéreo (ida e volta),LIS,MCZ,38.7742,-9.1349,-9.39,-35.7353
PED00006,18/10/2024,2024.0,out,1006.0,Aéreo (ida e volta),MAD,GIG,40.4522,-3.56,-22.8086,-43.2437
PED00007,30/10/2024,2024.0,out,1007.0,Aéreo (ida e volta),REC,CGH,-8.1269,-34.9236,-23.6261,-46.6561
PED00008,30/10/2024,2024.0,out,1008.0,Aéreo (ida e volta),REC,CGH,-8.1269,-34.9236,-23.6261,-46.6561
PED00009,30/10/2024,2024.0,out,1009.0,Aéreo (ida e volta),REC,CGH,-8.1269,-34.9236,-23.6261,-46.6561
PED00010,03/11/2024,2024.0,nov,1004.0,Hotel,-,LAX,,,33.9416,-118.4085
PED00011,07/11/2024,2024.0,nov,1010.0,Aéreo (ida),XAP,REC,-27.1325,-52.6183,-8.1269,-34.9236
PED00012,08/11/2024,2024.0,nov,1011.0,Aéreo (ida),REC,IGU,-8.1269,-34.9236,-25.5972,-54.4744
PED00014,18/11/2024,2024.0,nov,1012.0,Aéreo (ida),REC,XAP,-8.1269,-34.9236,-27.1325,-52.6183
PED00015,18/11/2024,2024.0,nov,1013.0,Aéreo (ida),REC,XAP,-8.1269,-34.9236,-27.1325,-52.6183
PED00016,01/12/2024,2024.0,dez,1014.0,Aéreo (ida e volta),REC,EZE,-8.1269,-34.9236,-34.8222,-58.535
PED00017,01/12/2024,2024.0,dez,1015.0,Aéreo (ida e volta),REC,EZE,-8.1269,-34.9236,-34.8222,-58.535
PED00018,01/12/2024,2024.0,dez,1015.0,Hotel,-,BUE,,,-34.5596,-58.4154
PED00019,06/12/2024,2024.0,dez,1016.0,Aéreo (ida),GRU,MAD,-23.4316,-46.4757,40.4522,-3.56
PED00020,10/12/2024,2024.0,dez,1017.0,Aéreo (ida),REC,GRU,-8.1269,-34.9236,-23.4316,-46.4757
PED00021,14/12/2024,2024.0,dez,1018.0,Aéreo (ida e volta),REC,CGH,-8.1269,-34.9236,-23.6261,-46.6561
PED00022,20/12/2024,2024.0,dez,1019.0,Aéreo (ida),CGH,REC,-23.6261,-46.6561,-8.1269,-34.9236
PED00023,20/12/2024,2024.0,dez,1020.0,Aéreo (ida),CGH,REC,-23.6261,-46.6561,-8.1269,-34.9236
PED00024,22/12/2024,2024.0,dez,1012.0,Aéreo (ida),XAP,REC,-27.1325,-52.6183,-8.1269,-34.9236
PED00025,22/12/2024,2024.0,dez,1013.0,Aéreo (ida),XAP,REC,-27.1325,-52.6183,-8.1269,-34.9236
PED00026,26/12/2024,2024.0,dez,1011.0,Aéreo (ida),IGU,REC,-25.5972,-54.4744,-8.1269,-34.9236
PED00027,30/12/2024,2024.0,dez,1021.0,Aéreo (ida),REC,GRU,-8.1269,-34.9236,-23.4316,-46.4757
PED00028,30/12/2024,2024.0,dez,1022.0,Aéreo (ida),REC,GRU,-8.1269,-34.9236,-23.4316,-46.4757
PED00031,02/01/2025,2025.0,jan,1003.0,Aéreo (ida),REC,AJU,-8.1269,-34.9236,-10.9472,-37.0708
PED00032,02/01/2025,2025.0,jan,1025.0,Aéreo (ida),REC,AJU,-8.1269,-34.9236,-10.9472,-37.0708
PED00033,04/01/2025,2025.0,jan,1002.0,Aéreo (ida),REC,GYN,-8.1269,-34.9236,-16.6333,-49.2611
PED00034,11/01/2025,2025.0,jan,1002.0,Aéreo (ida),GYN,REC,-16.6333,-49.2611,-8.1269,-34.9236
PED00036,26/01/2025,2025.0,jan,1021.0,Aéreo (ida),GRU,REC,-23.4316,-46.4757,-8.1269,-34.9236
PED00037,26/01/2025,2025.0,jan,1022.0,Aéreo (ida),GRU,REC,-23.4316,-46.4757,-8.1269,-34.9236
PED00038,27/01/2025,2025.0,jan,1027.0,Aéreo (ida),REC,NVT,-8.1269,-34.9236,-26.9142,-48.6528
PED00039,29/01/2025,2025.0,jan,1028.0,Aéreo (ida),REC,CGH,-8.1269,-34.9236,-23.6261,-46.6561
PED00041,10/02/2025,2025.0,fev,1029.0,Aéreo (ida e volta),REC,CGH,-8.1269,-34.9236,-23.6261,-46.6561
PED00042,11/02/2025,2025.0,fev,1029.0,Aéreo (ida e volta),REC,XAP,-8.1269,-34.9236,-27.1325,-52.6183
PED00043,11/02/2025,2025.0,fev,1030.0,Aéreo (ida e volta),REC,XAP,-8.1269,-34.9236,-27.1325,-52.6183
PED00044,11/02/2025,2025.0,fev,1031.0,Aéreo (ida e volta),REC,XAP,-8.1269,-34.9236,-27.1325,-52.6183
PED00045,11/02/2025,2025.0,fev,1032.0,Aéreo (ida e volta),REC,XAP,-8.1269,-34.9236,-27.1325,-52.6183
PED00046,12/02/2025,2025.0,fev,1033.0,Aéreo (ida e volta),REC,SSA,-8.1269,-34.9236,-12.9081,-38.3222
PED00047,12/02/2025,2025.0,fev,1034.0,Aéreo (ida e volta),SSA,REC,-12.9081,-38.3222,-8.1269,-34.9236
PED00048,12/02/2025,2025.0,fev,1035.0,Aéreo (ida e volta),SSA,REC,-12.9081,-38.3222,-8.1269,-34.9236
PED00049,15/02/2025,2025.0,fev,1023.0,Aéreo (ida e volta),REC,XAP,-8.1269,-34.9236,-27.1325,-52.6183
PED00050,,,,,,,,,,,
PED00051,,,,,,,,,,,
PED00052,,,,,,,,,,,
PED00053,,,,,,,,,,,
PED00054,,,,,,,,,,,
PED00055,,,,,,,,,,,
PED00056,,,,,,,,,,,
PED00057,,,,,,,,,,,
PED00058,,,,,,,,,,,
PED00059,,,,,,,,,,,
PED00060,,,,,,,,,,,
PED00061,,,,,,,,,,,
PED00062,,,,,,,,,,,
PED00063,,,,,,,,,,,
PED00064,,,,,,,,,,,
PED00065,,,,,,,,,,,
PED00066,,,,,,,,,,,
PED00067,,,,,,,,,,,
PED00068,,,,,,,,,,,
PED00069,,,,,,,,,,,
PED00070,,,,,,,,,,,
PED00071,,,,,,,,,,,
PED00072,,,,,,,,,,,
PED00073,,,,,,,,,,,
PED00074,,,,,,,,,,,
PED00075,,,,,,,,,,,
PED00076,,,,,,,,,,,
PED00077,,,,,,,,,,,
PED00078,,,,,,,,,,,
PED00079,,,,,,,,,,,
PED00080,,,,,,,,,,,
PED00081,,,,,,,,,,,
PED00082,,,,,,,,,,,
PED00083,,,,,,,,,,,
PED00084,,,,,,,,,,,
PED00085,,,,,,,,,,,
PED00086,,,,,,,,,,,
PED00087,,,,,,,,,,,
PED00088,,,,,,,,,,,
PED00089,,,,,,,,,,,
PED00090,,,,,,,,,,,
PED00091,,,,,,,,,,,
PED00092,,,,,,,,,,,
PED00093,,,,,,,,,,,
PED00094,,,,,,,,,,,
PED00095,,,,,,,,,,,
PED00096,,,,,,,,,,,
PED00097,,,,,,,,,,,
PED00098,,,,,,,,,,,
PED00099,,,,,,,,,,,
PED00100,,,,,,,,,,,
PED00101,,,,,,,,,,,
PED00102,,,,,,,,,,,
PED00103,,,,,,,,,,,
PED00104,,,,,,,,,,,
PED00105,,,,,,,,,,,
PED00106,,,,,,,,,,,
PED00107,,,,,,,,,,,
PED00108,,,,,,,,,,,
PED00109,,,,,,,,,,,
PED00110,,,,,,,,,,,
PED00111,,,,,,,,,,,
PED00112,,,,,,,,,,,
PED00113,,,,,,,,,,,
PED00114,,,,,,,,,,,
PED00115,,,,,,,,,,,
PED00116,,,,,,,,,,,
PED00117,,,,,,,,,,,
PED00118,,,,,,,,,,,
PED00119,,,,,,,,,,,
PED00120,,,,,,,,,,,
PED00121,,,,,,,,,,,
PED00122,,,,,,,,,,,
PED00123,,,,,,,,,,,
PED00124,,,,,,,,,,,
PED00125,,,,,,,,,,,
PED00126,,,,,,,,,,,
PED00127,,,,,,,,,,,
PED00128,,,,,,,,,,,
PED00129,,,,,,,,,,,
PED00130,,,,,,,,,,,
PED00131,,,,,,,,,,,
PED00132,,,,,,,,,,,
PED00133,,,,,,,,,,,
PED00134,,,,,,,,,,,
PED00135,,,,,,,,,,,
PED00136,,,,,,,,,,,
PED00137,,,,,,,,,,,
PED00138,,,,,,,,,,,
PED00139,,,,,,,,,,,
PED00140,,,,,,,,,,,
PED00141,,,,,,,,,,,
PED00142,,,,,,,,,,,
PED00143,,,,,,,,,,,
PED00144,,,,,,,,,,,
PED00145,,,,,,,,,,,
PED00146,,,,,,,,,,,
PED00147,,,,,,,,,,,
PED00148,,,,,,,,,,,
PED00149,,,,,,,,,,,
PED00150,,,,,,,,,,,
PED00151,,,,,,,,,,,
PED00152,,,,,,,,,,,
PED00153,,,,,,,,,,,
PED00154,,,,,,,,,,,
PED00155,,,,,,,,,,,
PED00156,,,,,,,,,,,
PED00157,,,,,,,,,,,
PED00158,,,,,,,,,,,
PED00159,,,,,,,,,,,
PED00160,,,,,,,,,,,
PED00161,,,,,,,,,,,
PED00162,,,,,,,,,,,
PED00163,,,,,,,,,,,
PED00164,,,,,,,,,,,
PED00165,,,,,,,,,,,
PED00166,,,,,,,,,,,
PED00167,,,,,,,,,,,
PED00168,,,,,,,,,,,
PED00169,,,,,,,,,,,
PED00170,,,,,,,,,,,
PED00171,,,,,,,,,,,
PED00172,,,,,,,,,,,
PED00173,,,,,,,,,,,
PED00174,,,,,,,,,,,
PED00175,,,,,,,,,,,
PED00176,,,,,,,,,,,
PED00177,,,,,,,,,,,
PED00178,,,,,,,,,,,
PED00179,,,,,,,,,,,
PED00180,,,,,,,,,,,
PED00181,,,,,,,,,,,
PED00182,,,,,,,,,,,
PED00183,,,,,,,,,,,
PED00184,,,,,,,,,,,
PED00185,,,,,,,,,,,
PED00186,,,,,,,,,,,
PED00187,,,,,,,,,,,
PED00188,,,,,,,,,,,
PED00189,,,,,,,,,,,
PED00190,,,,,,,,,,,
PED00191,,,,,,,,,,,
PED00192,,,,,,,,,,,
PED00193,,,,,,,,,,,
PED00194,,,,,,,,,,,
PED00195,,,,,,,,,,,
PED00196,,,,,,,,,,,
PED00197,,,,,,,,,,,
PED00198,,,,,,,,,,,
PED00199,,,,,,,,,,,
PED00200,,,,,,,,,,,
PED00201,,,,,,,,,,,
PED00202,,,,,,,,,,,
PED00203,,,,,,,,,,,
PED00204,,,,,,,,,,,
PED00205,,,,,,,,,,,
PED00206,,,,,,,,,,,
PED00207,,,,,,,,,,,
PED00208,,,,,,,,,,,
PED00209,,,,,,,,,,,
PED00210,,,,,,,,,,,
PED00211,,,,,,,,,,,
PED00212,,,,,,,,,,,
PED00213,,,,,,,,,,,
PED00214,,,,,,,,,,,
PED00215,,,,,,,,,,,
PED00216,,,,,,,,,,,
PED00217,,,,,,,,,,,
PED00218,,,,,,,,,,,
PED00219,,,,,,,,,,,
PED00220,,,,,,,,,,,
PED00221,,,,,,,,,,,
PED00222,,,,,,,,,,,
PED00223,,,,,,,,,,,
PED00224,,,,,,,,,,,
PED00225,,,,,,,,,,,
PED00226,,,,,,,,,,,
PED00227,,,,,,,,,,,
PED00228,,,,,,,,,,,
PED00229,,,,,,,,,,,
PED00230,,,,,,,,,,,
PED00231,,,,,,,,,,,
PED00232,,,,,,,,,,,
PED00233,,,,,,,,,,,
PED00234,,,,,,,,,,,
PED00235,,,,,,,,,,,
PED00236,,,,,,,,,,,
PED00237,,,,,,,,,,,
PED00238,,,,,,,,,,,
PED00239,,,,,,,,,,,
PED00240,,,,,,,,,,,
PED00241,,,,,,,,,,,
PED00242,,,,,,,,,,,
PED00243,,,,,,,,,,,
PED00244,,,,,,,,,,,
PED00245,,,,,,,,,,,
PED00246,,,,,,,,,,,
PED00247,,,,,,,,,,,
PED00248,,,,,,,,,,,
PED00249,,,,,,,,,,,
PED00250,,,,,,,,,,,
PED00251,,,,,,,,,,,
PED00252,,,,,,,,,,,
PED00253,,,,,,,,,,,
PED00254,,,,,,,,,,,
PED00255,,,,,,,,,,,
PED00256,,,,,,,,,,,
PED00257,,,,,,,,,,,
PED00258,,,,,,,,,,,
PED00259,,,,,,,,,,,
PED00260,,,,,,,,,,,
PED00261,,,,,,,,,,,
PED00262,,,,,,,,,,,
PED00263,,,,,,,,,,,
PED00264,,,,,,,,,,,
PED00265,,,,,,,,,,,
PED00266,,,,,,,,,,,
PED00267,,,,,,,,,,,
PED00268,,,,,,,,,,,
PED00269,,,,,,,,,,,
PED00270,,,,,,,,,,,
PED00271,,,,,,,,,,,
PED00272,,,,,,,,,,,
PED00273,,,,,,,,,,,
PED00274,,,,,,,,,,,
PED00275,,,,,,,,,,,
PED00276,,,,,,,,,,,
PED00277,,,,,,,,,,,
PED00278,,,,,,,,,,,
PED00279,,,,,,,,,,,
PED00280,,,,,,,,,,,
PED00281,,,,,,,,,,,
PED00282,,,,,,,,,,,
PED00283,,,,,,,,,,,
PED00284,,,,,,,,,,,
PED00285,,,,,,,,,,,
PED00286,,,,,,,,,,,
PED00287,,,,,,,,,,,
PED00288,,,,,,,,,,,
PED00289,,,,,,,,,,,
PED00290,,,,,,,,,,,
PED00291,,,,,,,,,,,
PED00292,,,,,,,,,,,
PED00293,,,,,,,,,,,
PED00294,,,,,,,,,,,
PED00295,,,,,,,,,,,
PED00296,,,,,,,,,,,
PED00297,,,,,,,,,,,
PED00298,,,,,,,,,,,
PED00299,,,,,,,,,,,
PED00300,,,,,,,,,,,
PED00301,,,,,,,,,,,
PED00302,,,,,,,,,,,
PED00303,,,,,,,,,,,
PED00304,,,,,,,,,,,
PED00305,,,,,,,,,,,
PED00306,,,,,,,,,,,
PED00307,,,,,,,,,,,
PED00308,,,,,,,,,,,
PED00309,,,,,,,,,,,
PED00310,,,,,,,,,,,
PED00311,,,,,,,,,,,
PED00312,,,,,,,,,,,
PED00313,,,,,,,,,,,
PED00314,,,,,,,,,,,
PED00315,,,,,,,,,,,
PED00316,,,,,,,,,,,
PED00317,,,,,,,,,,,
PED00318,,,,,,,,,,,
PED00319,,,,,,,,,,,
PED00320,,,,,,,,,,,
PED00321,,,,,,,,,,,
PED00322,,,,,,,,,,,
PED00323,,,,,,,,,,,
PED00324,,,,,,,,,,,
PED00325,,,,,,,,,,,
PED00326,,,,,,,,,,,
PED00327,,,,,,,,,,,
PED00328,,,,,,,,,,,
PED00329,,,,,,,,,,,
PED00330,,,,,,,,,,,
PED00331,,,,,,,,,,,
PED00332,,,,,,,,,,,
PED00333,,,,,,,,,,,
PED00334,,,,,,,,,,,
PED00335,,,,,,,,,,,
PED00336,,,,,,,,,,,
PED00337,,,,,,,,,,,
PED00338,,,,,,,,,,,
PED00339,,,,,,,,,,,
PED00340,,,,,,,,,,,
PED00341,,,,,,,,,,,
PED00342,,,,,,,,,,,
PED00343,,,,,,,,,,,
PED00344,,,,,,,,,,,
PED00345,,,,,,,,,,,
PED00346,,,,,,,,,,,
PED00347,,,,,,,,,,,
PED00348,,,,,,,,,,,
PED00349,,,,,,,,,,,
PED00350,,,,,,,,,,,
PED00351,,,,,,,,,,,
PED00352,,,,,,,,,,,
PED00353,,,,,,,,,,,
PED00354,,,,,,,,,,,
PED00355,,,,,,,,,,,
PED00356,,,,,,,,,,,
PED00357,,,,,,,,,,,
PED00358,,,,,,,,,,,
PED00359,,,,,,,,,,,
PED00360,,,,,,,,,,,
PED00361,,,,,,,,,,,
PED00362,,,,,,,,,,,
PED00363,,,,,,,,,,,
PED00364,,,,,,,,,,,
PED00365,,,,,,,,,,,
PED00366,,,,,,,,,,,
PED00367,,,,,,,,,,,
PED00368,,,,,,,,,,,
PED00369,,,,,,,,,,,
PED00370,,,,,,,,,,,
PED00371,,,,,,,,,,,
PED00372,,,,,,,,,,,
PED00373,,,,,,,,,,,
PED00374,,,,,,,,,,,
PED00375,,,,,,,,,,,
PED00376,,,,,,,,,,,
PED00377,,,,,,,,,,,
PED00378,,,,,,,,,,,
PED00379,,,,,,,,,,,
PED00380,,,,,,,,,,,
PED00381,,,,,,,,,,,
PED00382,,,,,,,,,,,
PED00383,,,,,,,,,,,
PED00384,,,,,,,,,,,
PED00385,,,,,,,,,,,
PED00386,,,,,,,,,,,
PED00387,,,,,,,,,,,
PED00388,,,,,,,,,,,
PED00389,,,,,,,,,,,
PED00390,,,,,,,,,,,
PED00391,,,,,,,,,,,
PED00392,,,,,,,,,,,
PED00393,,,,,,,,,,,
PED00394,,,,,,,,,,,
PED00395,,,,,,,,,,,
PED00396,,,,,,,,,,,
PED00397,,,,,,,,,,,
PED00398,,,,,,,,,,,
PED00399,,,,,,,,,,,
PED00400,,,,,,,,,,,
PED00401,,,,,,,,,,,
PED00402,,,,,,,,,,,
PED00403,,,,,,,,,,,
PED00404,,,,,,,,,,,
PED00405,,,,,,,,,,,
PED00406,,,,,,,,,,,
PED00407,,,,,,,,,,,
PED00408,,,,,,,,,,,
PED00409,,,,,,,,,,,
PED00410,,,,,,,,,,,
PED00411,,,,,,,,,,,
PED00412,,,,,,,,,,,
PED00413,,,,,,,,,,,
PED00414,,,,,,,,,,,
PED00415,,,,,,,,,,,
PED00416,,,,,,,,,,,
PED00417,,,,,,,,,,,
PED00418,,,,,,,,,,,
PED00419,,,,,,,,,,,
PED00420,,,,,,,,,,,
PED00421,,,,,,,,,,,
PED00422,,,,,,,,,,,
PED00423,,,,,,,,,,,
PED00424,,,,,,,,,,,
PED00425,,,,,,,,,,,
PED00426,,,,,,,,,,,
PED00427,,,,,,,,,,,
PED00428,,,,,,,,,,,
PED00429,,,,,,,,,,,
PED00430,,,,,,,,,,,
PED00431,,,,,,,,,,,
PED00432,,,,,,,,,,,
PED00433,,,,,,,,,,,
PED00434,,,,,,,,,,,
PED00435,,,,,,,,,,,
PED00436,,,,,,,,,,,
PED00437,,,,,,,,,,,
PED00438,,,,,,,,,,,
PED00439,,,,,,,,,,,
PED00440,,,,,,,,,,,
PED00441,,,,,,,,,,,
PED00442,,,,,,,,,,,
PED00443,,,,,,,,,,,
PED00444,,,,,,,,,,,
PED00445,,,,,,,,,,,
PED00446,,,,,,,,,,,
PED00447,,,,,,,,,,,
PED00448,,,,,,,,,,,
PED00449,,,,,,,,,,,
PED00450,,,,,,,,,,,
PED00451,,,,,,,,,,,
PED00452,,,,,,,,,,,
PED00453,,,,,,,,,,,
PED00454,,,,,,,,,,,
PED00455,,,,,,,,,,,
PED00456,,,,,,,,,,,
PED00457,,,,,,,,,,,
PED00458,,,,,,,,,,,
PED00459,,,,,,,,,,,
PED00460,,,,,,,,,,,
PED00461,,,,,,,,,,,
PED00462,,,,,,,,,,,
PED00463,,,,,,,,,,,
PED00464,,,,,,,,,,,
PED00465,,,,,,,,,,,
PED00466,,,,,,,,,,,
PED00467,,,,,,,,,,,
PED00468,,,,,,,,,,,
PED00469,,,,,,,,,,,
PED00470,,,,,,,,,,,
PED00471,,,,,,,,,,,
PED00472,,,,,,,,,,,
PED00473,,,,,,,,,,,
PED00474,,,,,,,,,,,
PED00475,,,,,,,,,,,
PED00476,,,,,,,,,,,
PED00477,,,,,,,,,,,
PED00478,,,,,,,,,,,
PED00479,,,,,,,,,,,
PED00480,,,,,,,,,,,
PED00481,,,,,,,,,,,
PED00482,,,,,,,,,,,
PED00483,,,,,,,,,,,
PED00484,,,,,,,,,,,
PED00485,,,,,,,,,,,
PED00486,,,,,,,,,,,
PED00487,,,,,,,,,,,
PED00488,,,,,,,,,,,
PED00489,,,,,,,,,,,
PED00490,,,,,,,,,,,
PED00491,,,,,,,,,,,
PED00492,,,,,,,,,,,
PED00493,,,,,,,,,,,
PED00494,,,,,,,,,,,
PED00495,,,,,,,,,,,
PED00496,,,,,,,,,,,
PED00497,,,,,,,,,,,
PED00498,,,,,,,,,,,
PED00499,,,,,,,,,,,
PED00500,,,,,,,,,,,
PED00501,,,,,,,,,,,
PED00502,,,,,,,,,,,
PED00503,,,,,,,,,,,
PED00504,,,,,,,,,,,
PED00505,,,,,,,,,,,
PED00506,,,,,,,,,,,
PED00507,,,,,,,,,,,
PED00508,,,,,,,,,,,
PED00509,,,,,,,,,,,
PED00510,,,,,,,,,,,
PED00511,,,,,,,,,,,
PED00512,,,,,,,,,,,
PED00513,,,,,,,,,,,
PED00514,,,,,,,,,,,
PED00515,,,,,,,,,,,
PED00516,,,,,,,,,,,
PED00517,,,,,,,,,,,
PED00518,,,,,,,,,,,
PED00519,,,,,,,,,,,
PED00520,,,,,,,,,,,
PED00521,,,,,,,,,,,
PED00522,,,,,,,,,,,
PED00523,,,,,,,,,,,
PED00524,,,,,,,,,,,
PED00525,,,,,,,,,,,
PED00526,,,,,,,,,,,
PED00527,,,,,,,,,,,
PED00528,,,,,,,,,,,
PED00529,,,,,,,,,,,
PED00530,,,,,,,,,,,
PED00531,,,,,,,,,,,
PED00532,,,,,,,,,,,
PED00533,,,,,,,,,,,
PED00534,,,,,,,,,,,
PED00535,,,,,,,,,,,
PED00536,,,,,,,,,,,
PED00537,,,,,,,,,,,
PED00538,,,,,,,,,,,
PED00539,,,,,,,,,,,
PED00540,,,,,,,,,,,
PED00541,,,,,,,,,,,
PED00542,,,,,,,,,,,
PED00543,,,,,,,,,,,
PED00544,,,,,,,,,,,
PED00545,,,,,,,,,,,
PED00546,,,,,,,,,,,
PED00547,,,,,,,,,,,
PED00548,,,,,,,,,,,
PED00549,,,,,,,,,,,
PED00550,,,,,,,,,,,
PED00551,,,,,,,,,,,
PED00552,,,,,,,,,,,
PED00553,,,,,,,,,,,
PED00554,,,,,,,,,,,
PED00555,,,,,,,,,,,
PED00556,,,,,,,,,,,
PED00557,,,,,,,,,,,
PED00558,,,,,,,,,,,
PED00559,,,,,,,,,,,
PED00560,,,,,,,,,,,
PED00561,,,,,,,,,,,
PED00562,,,,,,,,,,,
PED00563,,,,,,,,,,,
PED00564,,,,,,,,,,,
PED00565,,,,,,,,,,,
PED00566,,,,,,,,,,,
PED00567,,,,,,,,,,,
PED00568,,,,,,,,,,,
PED00569,,,,,,,,,,,
PED00570,,,,,,,,,,,
PED00571,,,,,,,,,,,
PED00572,,,,,,,,,,,
PED00573,,,,,,,,,,,
PED00574,,,,,,,,,,,
PED00575,,,,,,,,,,,
PED00576,,,,,,,,,,,
PED00577,,,,,,,,,,,
PED00578,,,,,,,,,,,
PED00579,,,,,,,,,,,
PED00580,,,,,,,,,,,
PED00581,,,,,,,,,,,
PED00582,,,,,,,,,,,
PED00583,,,,,,,,,,,
PED00584,,,,,,,,,,,
PED00585,,,,,,,,,,,
PED00586,,,,,,,,,,,
PED00587,,,,,,,,,,,
PED00588,,,,,,,,,,,
PED00589,,,,,,,,,,,
PED00590,,,,,,,,,,,
PED00591,,,,,,,,,,,
PED00592,,,,,,,,,,,
PED00593,,,,,,,,,,,
PED00594,,,,,,,,,,,
PED00595,,,,,,,,,,,
PED00596,,,,,,,,,,,
PED00597,,,,,,,,,,,
PED00598,,,,,,,,,,,
PED00599,,,,,,,,,,,
PED00600,,,,,,,,,,,
PED00601,,,,,,,,,,,
PED00602,,,,,,,,,,,
PED00603,,,,,,,,,,,
PED00604,,,,,,,,,,,
PED00605,,,,,,,,,,,
PED00606,,,,,,,,,,,
PED00607,,,,,,,,,,,
PED00608,,,,,,,,,,,
PED00609,,,,,,,,,,,
PED00610,,,,,,,,,,,
PED00611,,,,,,,,,,,
PED00612,,,,,,,,,,,
PED00613,,,,,,,,,,,
PED00614,,,,,,,,,,,
PED00615,,,,,,,,,,,
PED00616,,,,,,,,,,,
PED00617,,,,,,,,,,,
PED00618,,,,,,,,,,,
PED00619,,,,,,,,,,,
PED00620,,,,,,,,,,,
PED00621,,,,,,,,,,,
PED00622,,,,,,,,,,,
PED00623,,,,,,,,,,,
PED00624,,,,,,,,,,,
PED00625,,,,,,,,,,,
PED00626,,,,,,,,,,,
PED00627,,,,,,,,,,,
PED00628,,,,,,,,,,,
PED00629,,,,,,,,,,,
PED00630,,,,,,,,,,,
PED00631,,,,,,,,,,,
PED00632,,,,,,,,,,,
PED00633,,,,,,,,,,,
PED00634,,,,,,,,,,,
PED00635,,,,,,,,,,,
PED00636,,,,,,,,,,,
PED00637,,,,,,,,,,,
PED00638,,,,,,,,,,,
PED00639,,,,,,,,,,,
PED00640,,,,,,,,,,,
PED00641,,,,,,,,,,,
PED00642,,,,,,,,,,,
PED00643,,,,,,,,,,,
PED00644,,,,,,,,,,,
PED00645,,,,,,,,,,,
PED00646,,,,,,,,,,,
PED00647,,,,,,,,,,,
PED00648,,,,,,,,,,,
PED00649,,,,,,,,,,,
PED00650,,,,,,,,,,,
PED00651,,,,,,,,,,,
PED00652,,,,,,,,,,,
PED00653,,,,,,,,,,,
PED00654,,,,,,,,,,,
PED00655,,,,,,,,,,,
PED00656,,,,,,,,,,,
PED00657,,,,,,,,,,,
PED00658,,,,,,,,,,,
PED00659,,,,,,,,,,,
PED00660,,,,,,,,,,,
PED00661,,,,,,,,,,,
PED00662,,,,,,,,,,,
PED00663,,,,,,,,,,,
PED00664,,,,,,,,,,,
PED00665,,,,,,,,,,,
PED00666,,,,,,,,,,,
PED00667,,,,,,,,,,,
PED00668,,,,,,,,,,,
PED00669,,,,,,,,,,,
PED00670,,,,,,,,,,,
PED00671,,,,,,,,,,,
PED00672,,,,,,,,,,,
PED00673,,,,,,,,,,,
PED00674,,,,,,,,,,,
PED00675,,,,,,,,,,,
PED00676,,,,,,,,,,,
PED00677,,,,,,,,,,,
PED00678,,,,,,,,,,,
PED00679,,,,,,,,,,,
PED00680,,,,,,,,,,,
PED00681,,,,,,,,,,,
PED00682,,,,,,,,,,,
PED00683,,,,,,,,,,,
PED00684,,,,,,,,,,,
PED00685,,,,,,,,,,,
PED00686,,,,,,,,,,,
PED00687,,,,,,,,,,,
PED00688,,,,,,,,,,,
PED00689,,,,,,,,,,,
PED00690,,,,,,,,,,,
PED00691,,,,,,,,,,,
PED00692,,,,,,,,,,,
PED00693,,,,,,,,,,,
PED00694,,,,,,,,,,,
PED00695,,,,,,,,,,,
PED00696,,,,,,,,,,,
PED00697,,,,,,,,,,,
PED00698,,,,,,,,,,,
PED00699,,,,,,,,,,,
PED00700,,,,,,,,,,,
PED00701,,,,,,,,,,,
PED00702,,,,,,,,,,,
PED00703,,,,,,,,,,,
PED00704,,,,,,,,,,,
PED00705,,,,,,,,,,,
PED00706,,,,,,,,,,,
PED00707,,,,,,,,,,,
PED00708,,,,,,,,,,,
PED00709,,,,,,,,,,,
PED00710,,,,,,,,,,,
PED00711,,,,,,,,,,,
PED00712,,,,,,,,,,,
PED00713,,,,,,,,,,,
PED00714,,,,,,,,,,,
PED00715,,,,,,,,,,,
PED00716,,,,,,,,,,,
PED00717,,,,,,,,,,,
PED00718,,,,,,,,,,,
PED00719,,,,,,,,,,,
PED00720,,,,,,,,,,,
PED00721,,,,,,,,,,,
PED00722,,,,,,,,,,,
PED00723,,,,,,,,,,,
PED00724,,,,,,,,,,,
PED00725,,,,,,,,,,,
PED00726,,,,,,,,,,,
PED00727,,,,,,,,,,,
PED00728,,,,,,,,,,,
PED00729,,,,,,,,,,,
PED00730,,,,,,,,,,,
PED00731,,,,,,,,,,,
PED00732,,,,,,,,,,,
PED00733,,,,,,,,,,,
PED00734,,,,,,,,,,,
PED00735,,,,,,,,,,,
PED00736,,,,,,,,,,,
PED00737,,,,,,,,,,,
PED00738,,,,,,,,,,,
PED00739,,,,,,,,,,,
PED00740,,,,,,,,,,,
PED00741,,,,,,,,,,,
PED00742,,,,,,,,,,,
PED00743,,,,,,,,,,,
PED00744,,,,,,,,,,,
PED00745,,,,,,,,,,,
PED00746,,,,,,,,,,,
PED00747,,,,,,,,,,,
PED00748,,,,,,,,,,,
PED00749,,,,,,,,,,,
PED00750,,,,,,,,,,,
PED00751,,,,,,,,,,,
PED00752,,,,,,,,,,,
PED00753,,,,,,,,,,,
PED00754,,,,,,,,,,,
PED00755,,,,,,,,,,,
PED00756,,,,,,,,,,,
PED00757,,,,,,,,,,,
PED00758,,,,,,,,,,,
PED00759,,,,,,,,,,,
PED00760,,,,,,,,,,,
PED00761,,,,,,,,,,,
PED00762,,,,,,,,,,,
PED00763,,,,,,,,,,,
PED00764,,,,,,,,,,,
PED00765,,,,,,,,,,,
PED00766,,,,,,,,,,,
PED00767,,,,,,,,,,,
PED00768,,,,,,,,,,,
PED00769,,,,,,,,,,,
PED00770,,,,,,,,,,,
PED00771,,,,,,,,,,,
PED00772,,,,,,,,,,,
PED00773,,,,,,,,,,,
PED00774,,,,,,,,,,,
PED00775,,,,,,,,,,,
PED00776,,,,,,,,,,,
PED00777,,,,,,,,,,,
PED00778,,,,,,,,,,,
PED00779,,,,,,,,,,,
PED00780,,,,,,,,,,,
PED00781,,,,,,,,,,,
PED00782,,,,,,,,,,,
PED00783,,,,,,,,,,,
PED00784,,,,,,,,,,,
PED00785,,,,,,,,,,,
PED00786,,,,,,,,,,,
PED00787,,,,,,,,,,,
PED00788,,,,,,,,,,,
PED00789,,,,,,,,,,,
PED00790,,,,,,,,,,,
PED00791,,,,,,,,,,,
PED00792,,,,,,,,,,,
PED00793,,,,,,,,,,,
PED00794,,,,,,,,,,,
PED00795,,,,,,,,,,,
PED00796,,,,,,,,,,,
PED00797,,,,,,,,,,,
PED00798,,,,,,,,,,,
PED00799,,,,,,,,,,,
PED00800,,,,,,,,,,,
PED00801,,,,,,,,,,,
PED00802,,,,,,,,,,,
PED00803,,,,,,,,,,,
PED00804,,,,,,,,,,,
PED00805,,,,,,,,,,,
PED00806,,,,,,,,,,,
PED00807,,,,,,,,,,,
PED00808,,,,,,,,,,,
PED00809,,,,,,,,,,,
PED00810,,,,,,,,,,,
PED00811,,,,,,,,,,,
PED00812,,,,,,,,,,,
PED00813,,,,,,,,,,,
PED00814,,,,,,,,,,,
PED00815,,,,,,,,,,,
PED00816,,,,,,,,,,,
PED00817,,,,,,,,,,,
PED00818,,,,,,,,,,,
PED00819,,,,,,,,,,,
PED00820,,,,,,,,,,,
PED00821,,,,,,,,,,,
PED00822,,,,,,,,,,,
PED00823,,,,,,,,,,,
PED00824,,,,,,,,,,,
PED00825,,,,,,,,,,,
PED00826,,,,,,,,,,,
PED00827,,,,,,,,,,,
PED00828,,,,,,,,,,,
PED00829,,,,,,,,,,,
PED00830,,,,,,,,,,,
PED00831,,,,,,,,,,,
PED00832,,,,,,,,,,,
PED00833,,,,,,,,,,,
PED00834,,,,,,,,,,,
PED00835,,,,,,,,,,,
PED00836,,,,,,,,,,,
PED00837,,,,,,,,,,,
PED00838,,,,,,,,,,,
PED00839,,,,,,,,,,,
PED00840,,,,,,,,,,,
PED00841,,,,,,,,,,,
PED00842,,,,,,,,,,,
PED00843,,,,,,,,,,,
PED00844,,,,,,,,,,,
PED00845,,,,,,,,,,,
PED00846,,,,,,,,,,,
PED00847,,,,,,,,,,,
PED00848,,,,,,,,,,,
PED00849,,,,,,,,,,,
PED00850,,,,,,,,,,,
PED00851,,,,,,,,,,,
PED00852,,,,,,,,,,,
PED00853,,,,,,,,,,,
PED00854,,,,,,,,,,,
PED00855,,,,,,,,,,,
PED00856,,,,,,,,,,,
PED00857,,,,,,,,,,,
PED00858,,,,,,,,,,,
PED00859,,,,,,,,,,,
PED00860,,,,,,,,,,,
PED00861,,,,,,,,,,,
PED00862,,,,,,,,,,,
PED00863,,,,,,,,,,,
PED00864,,,,,,,,,,,
PED00865,,,,,,,,,,,
PED00866,,,,,,,,,,,
PED00867,,,,,,,,,,,
PED00868,,,,,,,,,,,
PED00869,,,,,,,,,,,
PED00870,,,,,,,,,,,
PED00871,,,,,,,,,,,
PED00872,,,,,,,,,,,
PED00873,,,,,,,,,,,
PED00874,,,,,,,,,,,
PED00875,,,,,,,,,,,
PED00876,,,,,,,,,,,
PED00877,,,,,,,,,,,
PED00878,,,,,,,,,,,
PED00879,,,,,,,,,,,
PED00880,,,,,,,,,,,
PED00881,,,,,,,,,,,
PED00882,,,,,,,,,,,
PED00883,,,,,,,,,,,
PED00884,,,,,,,,,,,
PED00885,,,,,,,,,,,
PED00886,,,,,,,,,,,
PED00887,,,,,,,,,,,
PED00888,,,,,,,,,,,
PED00889,,,,,,,,,,,
PED00890,,,,,,,,,,,
PED00891,,,,,,,,,,,
PED00892,,,,,,,,,,,
PED00893,,,,,,,,,,,
PED00894,,,,,,,,,,,
PED00895,,,,,,,,,,,
PED00896,,,,,,,,,,,
PED00897,,,,,,,,,,,
PED00898,,,,,,,,,,,
PED00899,,,,,,,,,,,
PED00900,,,,,,,,,,,
PED00901,,,,,,,,,,,
PED00902,,,,,,,,,,,
PED00903,,,,,,,,,,,
PED00904,,,,,,,,,,,
PED00905,,,,,,,,,,,
PED00906,,,,,,,,,,,
PED00907,,,,,,,,,,,
PED00908,,,,,,,,,,,
PED00909,,,,,,,,,,,
PED00910,,,,,,,,,,,
PED00911,,,,,,,,,,,
PED00912,,,,,,,,,,,
PED00913,,,,,,,,,,,
PED00914,,,,,,,,,,,
PED00915,,,,,,,,,,,
PED00916,,,,,,,,,,,
PED00917,,,,,,,,,,,
PED00918,,,,,,,,,,,
PED00919,,,,,,,,,,,
PED00920,,,,,,,,,,,
PED00921,,,,,,,,,,,
PED00922,,,,,,,,,,,
PED00923,,,,,,,,,,,
PED00924,,,,,,,,,,,
PED00925,,,,,,,,,,,
PED00926,,,,,,,,,,,
PED00927,,,,,,,,,,,
PED00928,,,,,,,,,,,
PED00929,,,,,,,,,,,
PED00930,,,,,,,,,,,
PED00931,,,,,,,,,,,
PED00932,,,,,,,,,,,
PED00933,,,,,,,,,,,
PED00934,,,,,,,,,,,
PED00935,,,,,,,,,,,
PED00936,,,,,,,,,,,
PED00937,,,,,,,,,,,
PED00938,,,,,,,,,,,
PED00939,,,,,,,,,,,
PED00940,,,,,,,,,,,
PED00941,,,,,,,,,,,
PED00942,,,,,,,,,,,
PED00943,,,,,,,,,,,
PED00944,,,,,,,,,,,
PED00945,,,,,,,,,,,
PED00946,,,,,,,,,,,
PED00947,,,,,,,,,,,
PED00948,,,,,,,,,,,
PED00949,,,,,,,,,,,
PED00950,,,,,,,,,,,
PED00951,,,,,,,,,,,
PED00952,,,,,,,,,,,
PED00953,,,,,,,,,,,
PED00954,,,,,,,,,,,
PED00955,,,,,,,,,,,
PED00956,,,,,,,,,,,
PED00957,,,,,,,,,,,
PED00958,,,,,,,,,,,
PED00959,,,,,,,,,,,
PED00960,,,,,,,,,,,
PED00961,,,,,,,,,,,
PED00962,,,,,,,,,,,
PED00963,,,,,,,,,,,
PED00964,,,,,,,,,,,
PED00965,,,,,,,,,,,
PED00966,,,,,,,,,,,
PED00967,,,,,,,,,,,
PED00968,,,,,,,,,,,
PED00969,,,,,,,,,,,
PED00970,,,,,,,,,,,
PED00971,,,,,,,,,,,
PED00972,,,,,,,,,,,
PED00973,,,,,,,,,,,
PED00974,,,,,,,,,,,
PED00975,,,,,,,,,,,
PED00976,,,,,,,,,,,
PED00977,,,,,,,,,,,
PED00978,,,,,,,,,,,
PED00979,,,,,,,,,,,
PED00980,,,,,,,,,,,
PED00981,,,,,,,,,,,
PED00982,,,,,,,,,,,
PED00983,,,,,,,,,,,
PED00984,,,,,,,,,,,
PED00985,,,,,,,,,,,
PED00986,,,,,,,,,,,
PED00987,,,,,,,,,,,
PED00988,,,,,,,,,,,
PED00989,,,,,,,,,,,
PED00990,,,,,,,,,,,
PED00991,,,,,,,,,,,
PED00992,,,,,,,,,,,
PED00993,,,,,,,,,,,
PED00994,,,,,,,,,,,
PED00995,,,,,,,,,,,
PED00996,,,,,,,,,,,
PED00997,,,,,,,,,,,
PED00998,,,,,,,,,,,
PED00999,,,,,,,,,,,
PED01000,,,,,,,,,,,
,,,,,,,,,,,
,,,,,,,,,,,
,,,,,,,,,,,
,,,,,,,,,,,
,,,,,,,,,,,
,,,,,,,,,,,
,,,,,,,,,,,
,,,,,,,,,,,
,,,,,,,,,,,
,,,,,,,,,,,
,,,,,,,,,,,
,,,,,,,,,,,
,,,,,,,,,,,
,,,,,,,,,,,
,,,,,,,,,,,
,,,,,,,,,,,
,,,,,,,,,,,
,,,,,,,,,,,
,,,,,,,,,,,
,,,,,,,,,,,
,,,,,,,,,,,
,,,,,,,,,,,
,,,,,,,,,,,
,,,,,,,,,,,
,,,,,,,,,,,
,,,,,,,,,,,
,,,,,,,,,,,
,,,,,,,,,,,
,,,,,,,,,,,
,,,,,,,,,,,
,,,,,,,,,,,
,,,,,,,,,,,
,,,,,,,,,,,
,,,,,,,,,,,
,,,,,,,,,,,
,,,,,,,,,,,
,,,,,,,,,,,
,,,,,,,,,,,
,,,,,,,,,,,
,,,,,,,,,,,
,,,,,,,,,,,
,,,,,,,,,,,
,,,,,,,,,,,
,,,,,,,,,,,
,,,,,,,,,,,
,,,,,,,,,,,
,,,,,,,,,,,
,,,,,,,,,,,
,,,,,,,,,,,
,,,,,,,,,,,
,,,,,,,,,,,
,,,,,,,,,,,
,,,,,,,,,,,
,,,,,,,,,,,
,,,,,,,,,,,
,,,,,,,,,,,
,,,,,,,,,,,
,,,,,,,,,,,
,,,,,,,,,,,
,,,,,,,,,,,
,,,,,,,,,,,
,,,,,,,,,,,
,,,,,,,,,,,
,,,,,,,,,,,
,,,,,,,,,,,
,,,,,,,,,,,
,,,,,,,,,,,
,,,,,,,,,,,
,,,,,,,,,,,
,,,,,,,,,,,
,,,,,,,,,,,
,,,,,,,,,,,
,,,,,,,,,,,
,,,,,,,,,,,
,,,,,,,,,,,
,,,,,,,,,,,
,,,,,,,,,,,
,,,,,,,,,,,
,,,,,,,,,,,
,,,,,,,,,,,
,,,,,,,,,,,
,,,,,,,,,,,
,,,,,,,,,,,
,,,,,,,,,,,
,,,,,,,,,,,
,,,,,,,,,,,
,,,,,,,,,,,
,,,,,,,,,,,
,,,,,,,,,,,
,,,,,,,,,,,
,,,,,,,,,,,
,,,,,,,,,,,
,,,,,,,,,,,
,,,,,,,,,,,
,,,,,,,,,,,
,,,,,,,,,,,
,,,,,,,,,,,
,,,,,,,,,,,
,,,,,,,,,,,
,,,,,,,,,,,
,,,,,,,,,,,
,,,,,,,,,,,
,,,,,,,,,,,
,,,,,,,,,,,
,,,,,,,,,,,
,,,,,,,,,,,
,,,,,,,,,,,
,,,,,,,,,,,
,,,,,,,,,,,
,,,,,,,,,,,
,,,,,,,,,,,
,,,,,,,,,,,
,,,,,,,,,,,
,,,,,,,,,,,
,,,,,,,,,,,
,,,,,,,,,,,
,,,,,,,,,,,
,,,,,,,,,,,
,,,,,,,,,,,
,,,,,,,,,,,
,,,,,,,,,,,
,,,,,,,,,,,
,,,,,,,,,,,
,,,,,,,,,,,
,,,,,,,,,,,
,,,,,,,,,,,
,,,,,,,,,,,
,,,,,,,,,,,
,,,,,,,,,,,
,,,,,,,,,,,
,,,,,,,,,,,
,,,,,,,,,,,
,,,,,,,,,,,
,,,,,,,,,,,
,,,,,,,,,,,
,,,,,,,,,,,
,,,,,,,,,,,
,,,,,,,,,,,
,,,,,,,,,,,
,,,,,,,,,,,
,,,,,,,,,,,
,,,,,,,,,,,
,,,,,,,,,,,
,,,,,,,,,,,
,,,,,,,,,,,
,,,,,,,,,,,
,,,,,,,,,,,
,,,,,,,,,,,
,,,,,,,,,,,
,,,,,,,,,,,
,,,,,,,,,,,
,,,,,,,,,,,
,,,,,,,,,,,
,,,,,,,,,,,
,,,,,,,,,,,
,,,,,,,,,,,
,,,,,,,,,,,
,,,,,,,,,,,
,,,,,,,,,,,
,,,,,,,,,,,
,,,,,,,,,,,
,,,,,,,,,,,
,,,,,,,,,,,
,,,,,,,,,,,
,,,,,,,,,,,
,,,,,,,,,,,
,,,,,,,,,,,
,,,,,,,,,,,
,,,,,,,,,,,
,,,,,,,,,,,
,,,,,,,,,,,
,,,,,,,,,,,
,,,,,,,,,,,
,,,,,,,,,,,
,,,,,,,,,,,
,,,,,,,,,,,
,,,,,,,,,,,
,,,,,,,,,,,
,,,,,,,,,,,
,,,,,,,,,,,
,,,,,,,,,,,
,,,,,,,,,,,
,,,,,,,,,,,
,,,,,,,,,,,
,,,,,,,,,,,
,,,,,,,,,,,
,,,,,,,,,,,
,,,,,,,,,,,
,,,,,,,,,,,
,,,,,,,,,,,
,,,,,,,,,,,
,,,,,,,,,,,
,,,,,,,,,,,
,,,,,,,,,,,
,,,,,,,,,,,
,,,,,,,,,,,
,,,,,,,,,,,
,,,,,,,,,,,
,,,,,,,,,,,
,,,,,,,,,,,
,,,,,,,,,,,
,,,,,,,,,,,
,,,,,,,,,,,
,,,,,,,,,,,
,,,,,,,,,,,
,,,,,,,,,,,
,,,,,,,,,,,
,,,,,,,,,,,
,,,,,,,,,,,
,,,,,,,,,,,
,,,,,,,,,,,
,,,,,,,,,,,
,,,,,,,,,,,
,,,,,,,,,,,
,,,,,,,,,,,
,,,,,,,,,,,
,,,,,,,,,,,
,,,,,,,,,,,
,,,,,,,,,,,
,,,,,,,,,,,
,,,,,,,,,,,
,,,,,,,,,,,
,,,,,,,,,,,
,,,,,,,,,,,
,,,,,,,,,,,
,,,,,,,,,,,
,,,,,,,,,,,
,,,,,,,,,,,
,,,,,,,,,,,
,,,,,,,,,,,
,,,,,,,,,,,
,,,,,,,,,,,
,,,,,,,,,,,
,,,,,,,,,,,
,,,,,,,,,,,
,,,,,,,,,,,
,,,,,,,,,,,
,,,,,,,,,,,
,,,,,,,,,,,
,,,,,,,,,,,
,,,,,,,,,,,
,,,,,,,,,,,
,,,,,,,,,,,
,,,,,,,,,,,
,,,,,,,,,,,
,,,,,,,,,,,
,,,,,,,,,,,
,,,,,,,,,,,
,,,,,,,,,,,
,,,,,,,,,,,
,,,,,,,,,,,
,,,,,,,,,,,
,,,,,,,,,,,
,,,,,,,,,,,
,,,,,,,,,,,
,,,,,,,,,,,
,,,,,,,,,,,
,,,,,,,,,,,
,,,,,,,,,,,
,,,,,,,,,,,
,,,,,,,,,,,
,,,,,,,,,,,
,,,,,,,,,,,
,,,,,,,,,,,
,,,,,,,,,,,
,,,,,,,,,,,
,,,,,,,,,,,
,,,,,,,,,,,
,,,,,,,,,,,
,,,,,,,,,,,
,,,,,,,,,,,
,,,,,,,,,,,
,,,,,,,,,,,
,,,,,,,,,,,
,,,,,,,,,,,
,,,,,,,,,,,
,,,,,,,,,,,
,,,,,,,,,,,
,,,,,,,,,,,
,,,,,,,,,,,
,,,,,,,,,,,
,,,,,,,,,,,
,,,,,,,,,,,
,,,,,,,,,,,
,,,,,,,,,,,
,,,,,,,,,,,
,,,,,,,,,,,
,,,,,,,,,,,
,,,,,,,,,,,
,,,,,,,,,,,
,,,,,,,,,,,
,,,,,,,,,,,
,,,,,,,,,,,
,,,,,,,,,,,
,,,,,,,,,,,
,,,,,,,,,,,
,,,,,,,,,,,
,,,,,,,,,,,
,,,,,,,,,,,
,,,,,,,,,,,
,,,,,,,,,,,
,,,,,,,,,,,
,,,,,,,,,,,
,,,,,,,,,,,
,,,,,,,,,,,
,,,,,,,,,,,
,,,,,,,,,,,
,,,,,,,,,,,
,,,,,,,,,,,
,,,,,,,,,,,
,,,,,,,,,,,
,,,,,,,,,,,
,,,,,,,,,,,
,,,,,,,,,,,
,,,,,,,,,,,
,,,,,,,,,,,
,,,,,,,,,,,
,,,,,,,,,,,
,,,,,,,,,,,
,,,,,,,,,,,
,,,,,,,,,,,
,,,,,,,,,,,
,,,,,,,,,,,
,,,,,,,,,,,
,,,,,,,,,,,
,,,,,,,,,,,
,,,,,,,,,,,
,,,,,,,,,,,
,,,,,,,,,,,
,,,,,,,,,,,
,,,,,,,,,,,
,,,,,,,,,,,
,,,,,,,,,,,
,,,,,,,,,,,
,,,,,,,,,,,
,,,,,,,,,,,
,,,,,,,,,,,
,,,,,,,,,,,
,,,,,,,,,,,
,,,,,,,,,,,
,,,,,,,,,,,
,,,,,,,,,,,
,,,,,,,,,,,
,,,,,,,,,,,
,,,,,,,,,,,
,,,,,,,,,,,
,,,,,,,,,,,
,,,,,,,,,,,
,,,,,,,,,,,
,,,,,,,,,,,
,,,,,,,,,,,
,,,,,,,,,,,
,,,,,,,,,,,
,,,,,,,,,,,
,,,,,,,,,,,
,,,,,,,,,,,
,,,,,,,,,,,
,,,,,,,,,,,
,,,,,,,,,,,
,,,,,,,,,,,
,,,,,,,,,,,
,,,,,,,,,,,
,,,,,,,,,,,
,,,,,,,,,,,
,,,,,,,,,,,
,,,,,,,,,,,
,,,,,,,,,,,
,,,,,,,,,,,
,,,,,,,,,,,
,,,,,,,,,,,
,,,,,,,,,,,
,,,,,,,,,,,
,,,,,,,,,,,
,,,,,,,,,,,
,,,,,,,,,,,
,,,,,,,,,,,
,,,,,,,,,,,
,,,,,,,,,,,
,,,,,,,,,,,
,,,,,,,,,,,
,,,,,,,,,,,
,,,,,,,,,,,
,,,,,,,,,,,
,,,,,,,,,,,
,,,,,,,,,,,
,,,,,,,,,,,
,,,,,,,,,,,
,,,,,,,,,,,
,,,,,,,,,,,
,,,,,,,,,,,
,,,,,,,,,,,
,,,,,,,,,,,
,,,,,,,,,,,
,,,,,,,,,,,
,,,,,,,,,,,
,,,,,,,,,,,
,,,,,,,,,,,
,,,,,,,,,,,
,,,,,,,,,,,
,,,,,,,,,,,
,,,,,,,,,,,
,,,,,,,,,,,
,,,,,,,,,,,
,,,,,,,,,,,
,,,,,,,,,,,
,,,,,,,,,,,
,,,,,,,,,,,
,,,,,,,,,,,
,,,,,,,,,,,
,,,,,,,,,,,
,,,,,,,,,,,
,,,,,,,,,,,
,,,,,,,,,,,
,,,,,,,,,,,
,,,,,,,,,,,
,,,,,,,,,,,
,,,,,,,,,,,
,,,,,,,,,,,
,,,,,,,,,,,
,,,,,,,,,,,
,,,,,,,,,,,
,,,,,,,,,,,
,,,,,,,,,,,
,,,,,,,,,,,
,,,,,,,,,,,
,,,,,,,,,,,
,,,,,,,,,,,
,,,,,,,,,,,
,,,,,,,,,,,
,,,,,,,,,,,
,,,,,,,,,,,
,,,,,,,,,,,
,,,,,,,,,,,
,,,,,,,,,,,
,,,,,,,,,,,
,,,,,,,,,,,
,,,,,,,,,,,
,,,,,,,,,,,
,,,,,,,,,,,
,,,,,,,,,,,
,,,,,,,,,,,
,,,,,,,,,,,
,,,,,,,,,,,
,,,,,,,,,,,
,,,,,,,,,,,
,,,,,,,,,,,
,,,,,,,,,,,
,,,,,,,,,,,
,,,,,,,,,,,
,,,,,,,,,,,
,,,,,,,,,,,
,,,,,,,,,,,
,,,,,,,,,,,
,,,,,,,,,,,
,,,,,,,,,,,
,,,,,,,,,,,
,,,,,,,,,,,
,,,,,,,,,,,
,,,,,,,,,,,
,,,,,,,,,,,
,,,,,,,,,,,
,,,,,,,,,,,
,,,,,,,,,,,
,,,,,,,,,,,
,,,,,,,,,,,
,,,,,,,,,,,
,,,,,,,,,,,
,,,,,,,,,,,
,,,,,,,,,,,
,,,,,,,,,,,
,,,,,,,,,,,
,,,,,,,,,,,
,,,,,,,,,,,
,,,,,,,,,,,
,,,,,,,,,,,
,,,,,,,,,,,
,,,,,,,,,,,
,,,,,,,,,,,
,,,,,,,,,,,
,,,,,,,,,,,
,,,,,,,,,,,
,,,,,,,,,,,
,,,,,,,,,,,
,,,,,,,,,,,
,,,,,,,,,,,
,,,,,,,,,,,
,,,,,,,,,,,
,,,,,,,,,,,
,,,,,,,,,,,
,,,,,,,,,,,
,,,,,,,,,,,
,,,,,,,,,,,
,,,,,,,,,,,
,,,,,,,,,,,
,,,,,,,,,,,
,,,,,,,,,,,
,,,,,,,,,,,
,,,,,,,,,,,
,,,,,,,,,,,
,,,,,,,,,,,
,,,,,,,,,,,
,,,,,,,,,,,
,,,,,,,,,,,
,,,,,,,,,,,
,,,,,,,,,,,
,,,,,,,,,,,
,,,,,,,,,,,
,,,,,,,,,,,
,,,,,,,,,,,
,,,,,,,,,,,
,,,,,,,,,,,
,,,,,,,,,,,
,,,,,,,,,,,
,,,,,,,,,,,
,,,,,,,,,,,
,,,,,,,,,,,
,,,,,,,,,,,
,,,,,,,,,,,
,,,,,,,,,,,
,,,,,,,,,,,
,,,,,,,,,,,
,,,,,,,,,,,
,,,,,,,,,,,
,,,,,,,,,,,
,,,,,,,,,,,
,,,,,,,,,,,
,,,,,,,,,,,
,,,,,,,,,,,
,,,,,,,,,,,
,,,,,,,,,,,
,,,,,,,,,,,
,,,,,,,,,,,
,,,,,,,,,,,
,,,,,,,,,,,
,,,,,,,,,,,
,,,,,,,,,,,
,,,,,,,,,,,
,,,,,,,,,,,
,,,,,,,,,,,
,,,,,,,,,,,
,,,,,,,,,,,
,,,,,,,,,,,
,,,,,,,,,,,
,,,,,,,,,,,
,,,,,,,,,,,
,,,,,,,,,,,
,,,,,,,,,,,
,,,,,,,,,,,
,,,,,,,,,,,
,,,,,,,,,,,
,,,,,,,,,,,
,,,,,,,,,,,
,,,,,,,,,,,
,,,,,,,,,,,
,,,,,,,,,,,
,,,,,,,,,,,
,,,,,,,,,,,
,,,,,,,,,,,
,,,,,,,,,,,
,,,,,,,,,,,
,,,,,,,,,,,
,,,,,,,,,,,
,,,,,,,,,,,
,,,,,,,,,,,
,,,,,,,,,,,
,,,,,,,,,,,
,,,,,,,,,,,
,,,,,,,,,,,
,,,,,,,,,,,
,,,,,,,,,,,
,,,,,,,,,,,
,,,,,,,,,,,
,,,,,,,,,,,
,,,,,,,,,,,
,,,,,,,,,,,
,,,,,,,,,,,
,,,,,,,,,,,
,,,,,,,,,,,
,,,,,,,,,,,
,,,,,,,,,,,
,,,,,,,,,,,
,,,,,,,,,,,
,,,,,,,,,,,
,,,,,,,,,,,
,,,,,,,,,,,
,,,,,,,,,,,
,,,,,,,,,,,
,,,,,,,,,,,
,,,,,,,,,,,
,,,,,,,,,,,
,,,,,,,,,,,
,,,,,,,,,,,
,,,,,,,,,,,
,,,,,,,,,,,
,,,,,,,,,,,
,,,,,,,,,,,
,,,,,,,,,,,
,,,,,,,,,,,
,,,,,,,,,,,
,,,,,,,,,,,
,,,,,,,,,,,
,,,,,,,,,,,
,,,,,,,,,,,
,,,,,,,,,,,
,,,,,,,,,,,
,,,,,,,,,,,
,,,,,,,,,,,
,,,,,,,,,,,
,,,,,,,,,,,
,,,,,,,,,,,
,,,,,,,,,,,
,,,,,,,,,,,
,,,,,,,,,,,
,,,,,,,,,,,
,,,,,,,,,,,
,,,,,,,,,,,
,,,,,,,,,,,
,,,,,,,,,,,
,,,,,,,,,,,
,,,,,,,,,,,
,,,,,,,,,,,
,,,,,,,,,,,
,,,,,,,,,,,
,,,,,,,,,,,
,,,,,,,,,,,
,,,,,,,,,,,
,,,,,,,,,,,
,,,,,,,,,,,
,,,,,,,,,,,
,,,,,,,,,,,
,,,,,,,,,,,
,,,,,,,,,,,
,,,,,,,,,,,
,,,,,,,,,,,
,,,,,,,,,,,
,,,,,,,,,,,
,,,,,,,,,,,
,,,,,,,,,,,
,,,,,,,,,,,
,,,,,,,,,,,
,,,,,,,,,,,
,,,,,,,,,,,
,,,,,,,,,,,
,,,,,,,,,,,
,,,,,,,,,,,
,,,,,,,,,,,
,,,,,,,,,,,
,,,,,,,,,,,
,,,,,,,,,,,
,,,,,,,,,,,
,,,,,,,,,,,
,,,,,,,,,,,
,,,,,,,,,,,
,,,,,,,,,,,
,,,,,,,,,,,
,,,,,,,,,,,
,,,,,,,,,,,
,,,,,,,,,,,
,,,,,,,,,,,
,,,,,,,,,,,
,,,,,,,,,,,
,,,,,,,,,,,
,,,,,,,,,,,
,,,,,,,,,,,
,,,,,,,,,,,
,,,,,,,,,,,
,,,,,,,,,,,
,,,,,,,,,,,
,,,,,,,,,,,
,,,,,,,,,,,
,,,,,,,,,,,
,,,,,,,,,,,
,,,,,,,,,,,
,,,,,,,,,,,
,,,,,,,,,,,
,,,,,,,,,,,
,,,,,,,,,,,
,,,,,,,,,,,
,,,,,,,,,,,
,,,,,,,,,,,
,,,,,,,,,,,
,,,,,,,,,,,
,,,,,,,,,,,
,,,,,,,,,,,
,,,,,,,,,,,
,,,,,,,,,,,
,,,,,,,,,,,
,,,,,,,,,,,
,,,,,,,,,,,
,,,,,,,,,,,
,,,,,,,,,,,
,,,,,,,,,,,
,,,,,,,,,,,
,,,,,,,,,,,
,,,,,,,,,,,
,,,,,,,,,,,
,,,,,,,,,,,
,,,,,,,,,,,
,,,,,,,,,,,
,,,,,,,,,,,
,,,,,,,,,,,
,,,,,,,,,,,
,,,,,,,,,,,
,,,,,,,,,,,
,,,,,,,,,,,
,,,,,,,,,,,
,,,,,,,,,,,
,,,,,,,,,,,
,,,,,,,,,,,
,,,,,,,,,,,
,,,,,,,,,,,
,,,,,,,,,,,
,,,,,,,,,,,
,,,,,,,,,,,
,,,,,,,,,,,
,,,,,,,,,,,
,,,,,,,,,,,
,,,,,,,,,,,
,,,,,,,,,,,
,,,,,,,,,,,
,,,,,,,,,,,
,,,,,,,,,,,
,,,,,,,,,,,
,,,,,,,,,,,
,,,,,,,,,,,
,,,,,,,,,,,
,,,,,,,,,,,
,,,,,,,,,,,
,,,,,,,,,,,
,,,,,,,,,,,
,,,,,,,,,,,
,,,,,,,,,,,
,,,,,,,,,,,
,,,,,,,,,,,
,,,,,,,,,,,
,,,,,,,,,,,
,,,,,,,,,,,
,,,,,,,,,,,
,,,,,,,,,,,
,,,,,,,,,,,
,,,,,,,,,,,
,,,,,,,,,,,
,,,,,,,,,,,
,,,,,,,,,,,
,,,,,,,,,,,
,,,,,,,,,,,
,,,,,,,,,,,
,,,,,,,,,,,
,,,,,,,,,,,
,,,,,,,,,,,
,,,,,,,,,,,
,,,,,,,,,,,
,,,,,,,,,,,
,,,,,,,,,,,
,,,,,,,,,,,
,,,,,,,,,,,
,,,,,,,,,,,
,,,,,,,,,,,
,,,,,,,,,,,
,,,,,,,,,,,
,,,,,,,,,,,
,,,,,,,,,,,
,,,,,,,,,,,
,,,,,,,,,,,
,,,,,,,,,,,
,,,,,,,,,,,
,,,,,,,,,,,
,,,,,,,,,,,
,,,,,,,,,,,
,,,,,,,,,,,
,,,,,,,,,,,
,,,,,,,,,,,
,,,,,,,,,,,
,,,,,,,,,,,
,,,,,,,,,,,
,,,,,,,,,,,
,,,,,,,,,,,
,,,,,,,,,,,
,,,,,,,,,,,
,,,,,,,,,,,
,,,,,,,,,,,
,,,,,,,,,,,
,,,,,,,,,,,
,,,,,,,,,,,
,,,,,,,,,,,
,,,,,,,,,,,
,,,,,,,,,,,
,,,,,,,,,,,
,,,,,,,,,,,
,,,,,,,,,,,
,,,,,,,,,,,
,,,,,,,,,,,
,,,,,,,,,,,
,,,,,,,,,,,
,,,,,,,,,,,
,,,,,,,,,,,
,,,,,,,,,,,
,,,,,,,,,,,
,,,,,,,,,,,
,,,,,,,,,,,
,,,,,,,,,,,
,,,,,,,,,,,
,,,,,,,,,,,
,,,,,,,,,,,
,,,,,,,,,,,
,,,,,,,,,,,
,,,,,,,,,,,
,,,,,,,,,,,
,,,,,,,,,,,
,,,,,,,,,,,
,,,,,,,,,,,
,,,,,,,,,,,
,,,,,,,,,,,
,,,,,,,,,,,
,,,,,,,,,,,
,,,,,,,,,,,
,,,,,,,,,,,
,,,,,,,,,,,
,,,,,,,,,,,
,,,,,,,,,,,
,,,,,,,,,,,
,,,,,,,,,,,
,,,,,,,,,,,
,,,,,,,,,,,
,,,,,,,,,,,
,,,,,,,,,,,
,,,,,,,,,,,
,,,,,,,,,,,
,,,,,,,,,,,
,,,,,,,,,,,
,,,,,,,,,,,
,,,,,,,,,,,
,,,,,,,,,,,
,,,,,,,,,,,
,,,,,,,,,,,
,,,,,,,,,,,
,,,,,,,,,,,
,,,,,,,,,,,
,,,,,,,,,,,
,,,,,,,,,,,
,,,,,,,,,,,
,,,,,,,,,,,
,,,,,,,,,,,
,,,,,,,,,,,
,,,,,,,,,,,
,,,,,,,,,,,
,,,,,,,,,,,
,,,,,,,,,,,
,,,,,,,,,,,
,,,,,,,,,,,
,,,,,,,,,,,
,,,,,,,,,,,
,,,,,,,,,,,
,,,,,,,,,,,
,,,,,,,,,,,
,,,,,,,,,,,
,,,,,,,,,,,
,,,,,,,,,,,
,,,,,,,,,,,
,,,,,,,,,,,
,,,,,,,,,,,
,,,,,,,,,,,
,,,,,,,,,,,
,,,,,,,,,,,
,,,,,,,,,,,
,,,,,,,,,,,
,,,,,,,,,,,
,,,,,,,,,,,
,,,,,,,,,,,
,,,,,,,,,,,
,,,,,,,,,,,
,,,,,,,,,,,
,,,,,,,,,,,
,,,,,,,,,,,
,,,,,,,,,,,
,,,,,,,,,,,
,,,,,,,,,,,
,,,,,,,,,,,
,,,,,,,,,,,
,,,,,,,,,,,
,,,,,,,,,,,
,,,,,,,,,,,
,,,,,,,,,,,
,,,,,,,,,,,
,,,,,,,,,,,
,,,,,,,,,,,
,,,,,,,,,,,
,,,,,,,,,,,
,,,,,,,,,,,
,,,,,,,,,,,
,,,,,,,,,,,
,,,,,,,,,,,
,,,,,,,,,,,
,,,,,,,,,,,
,,,,,,,,,,,
,,,,,,,,,,,
,,,,,,,,,,,
,,,,,,,,,,,
,,,,,,,,,,,
,,,,,,,,,,,
,,,,,,,,,,,
,,,,,,,,,,,
,,,,,,,,,,,
,,,,,,,,,,,
,,,,,,,,,,,
,,,,,,,,,,,
,,,,,,,,,,,
,,,,,,,,,,,
,,,,,,,,,,,
,,,,,,,,,,,
,,,,,,,,,,,
,,,,,,,,,,,
,,,,,,,,,,,
,,,,,,,,,,,
,,,,,,,,,,,
,,,,,,,,,,,
,,,,,,,,,,,
,,,,,,,,,,,
,,,,,,,,,,,
,,,,,,,,,,,
,,,,,,,,,,,
,,,,,,,,,,,
,,,,,,,,,,,
,,,,,,,,,,,
,,,,,,,,,,,
,,,,,,,,,,,
,,,,,,,,,,,
,,,,,,,,,,,
,,,,,,,,,,,
,,,,,,,,,,,
,,,,,,,,,,,
,,,,,,,,,,,
,,,,,,,,,,,
,,,,,,,,,,,
,,,,,,,,,,,
,,,,,,,,,,,
,,,,,,,,,,,
,,,,,,,,,,,
,,,,,,,,,,,
,,,,,,,,,,,
,,,,,,,,,,,
,,,,,,,,,,,
,,,,,,,,,,,
,,,,,,,,,,,
,,,,,,,,,,,
,,,,,,,,,,,
,,,,,,,,,,,
,,,,,,,,,,,
,,,,,,,,,,,
,,,,,,,,,,,
,,,,,,,,,,,
,,,,,,,,,,,
,,,,,,,,,,,
,,,,,,,,,,,
,,,,,,,,,,,
,,,,,,,,,,,
,,,,,,,,,,,
,,,,,,,,,,,
,,,,,,,,,,,
,,,,,,,,,,,
,,,,,,,,,,,
,,,,,,,,,,,
,,,,,,,,,,,
,,,,,,,,,,,
,,,,,,,,,,,
,,,,,,,,,,,
,,,,,,,,,,,
,,,,,,,,,,,
,,,,,,,,,,,
,,,,,,,,,,,
,,,,,,,,,,,
,,,,,,,,,,,
,,,,,,,,,,,
,,,,,,,,,,,
,,,,,,,,,,,
,,,,,,,,,,,
,,,,,,,,,,,
,,,,,,,,,,,
,,,,,,,,,,,
,,,,,,,,,,,
,,,,,,,,,,,
,,,,,,,,,,,
,,,,,,,,,,,
,,,,,,,,,,,
,,,,,,,,,,,
,,,,,,,,,,,
,,,,,,,,,,,
,,,,,,,,,,,
,,,,,,,,,,,
,,,,,,,,,,,
,,,,,,,,,,,
,,,,,,,,,,,
,,,,,,,,,,,
,,,,,,,,,,,
,,,,,,,,,,,
,,,,,,,,,,,
,,,,,,,,,,,
,,,,,,,,,,,
,,,,,,,,,,,
,,,,,,,,,,,
,,,,,,,,,,,
,,,,,,,,,,,
,,,,,,,,,,,
,,,,,,,,,,,
,,,,,,,,,,,
,,,,,,,,,,,
,,,,,,,,,,,
,,,,,,,,,,,
,,,,,,,,,,,
,,,,,,,,,,,
,,,,,,,,,,,
,,,,,,,,,,,
,,,,,,,,,,,
,,,,,,,,,,,
,,,,,,,,,,,
,,,,,,,,,,,
,,,,,,,,,,,
,,,,,,,,,,,
,,,,,,,,,,,
,,,,,,,,,,,
,,,,,,,,,,,
,,,,,,,,,,,
,,,,,,,,,,,
,,,,,,,,,,,
,,,,,,,,,,,
,,,,,,,,,,,
,,,,,,,,,,,
,,,,,,,,,,,
,,,,,,,,,,,
,,,,,,,,,,,
,,,,,,,,,,,
,,,,,,,,,,,
,,,,,,,,,,,
,,,,,,,,,,,
,,,,,,,,,,,
,,,,,,,,,,,
,,,,,,,,,,,
,,,,,,,,,,,
,,,,,,,,,,,
,,,,,,,,,,,
,,,,,,,,,,,
,,,,,,,,,,,
,,,,,,,,,,,
,,,,,,,,,,,
,,,,,,,,,,,
,,,,,,,,,,,
,,,,,,,,,,,
,,,,,,,,,,,
,,,,,,,,,,,
,,,,,,,,,,,
,,,,,,,,,,,
,,,,,,,,,,,
,,,,,,,,,,,
,,,,,,,,,,,
,,,,,,,,,,,
,,,,,,,,,,,
,,,,,,,,,,,
,,,,,,,,,,,
,,,,,,,,,,,
,,,,,,,,,,,
,,,,,,,,,,,
,,,,,,,,,,,
,,,,,,,,,,,
,,,,,,,,,,,
,,,,,,,,,,,
,,,,,,,,,,,
,,,,,,,,,,,
,,,,,,,,,,,
,,,,,,,,,,,
,,,,,,,,,,,
,,,,,,,,,,,
,,,,,,,,,,,
,,,,,,,,,,,
,,,,,,,,,,,
,,,,,,,,,,,
,,,,,,,,,,,
,,,,,,,,,,,
,,,,,,,,,,,
,,,,,,,,,,,
,,,,,,,,,,,
,,,,,,,,,,,
,,,,,,,,,,,
,,,,,,,,,,,
,,,,,,,,,,,
,,,,,,,,,,,
,,,,,,,,,,,
,,,,,,,,,,,
,,,,,,,,,,,
,,,,,,,,,,,
,,,,,,,,,,,
,,,,,,,,,,,
,,,,,,,,,,,
,,,,,,,,,,,
,,,,,,,,,,,
,,,,,,,,,,,
,,,,,,,,,,,
,,,,,,,,,,,
,,,,,,,,,,,
,,,,,,,,,,,
,,,,,,,,,,,
,,,,,,,,,,,
,,,,,,,,,,,
,,,,,,,,,,,
,,,,,,,,,,,
,,,,,,,,,,,
,,,,,,,,,,,
,,,,,,,,,,,
,,,,,,,,,,,
,,,,,,,,,,,
,,,,,,,,,,,
,,,,,,,,,,,
,,,,,,,,,,,
,,,,,,,,,,,
,,,,,,,,,,,
,,,,,,,,,,,
,,,,,,,,,,,
,,,,,,,,,,,
,,,,,,,,,,,
,,,,,,,,,,,
,,,,,,,,,,,
,,,,,,,,,,,
,,,,,,,,,,,
,,,,,,,,,,,
,,,,,,,,,,,
,,,,,,,,,,,
,,,,,,,,,,,
,,,,,,,,,,,
,,,,,,,,,,,
,,,,,,,,,,,
,,,,,,,,,,,
,,,,,,,,,,,
,,,,,,,,,,,
,,,,,,,,,,,
,,,,,,,,,,,
,,,,,,,,,,,
,,,,,,,,,,,
,,,,,,,,,,,
,,,,,,,,,,,
,,,,,,,,,,,
,,,,,,,,,,,
,,,,,,,,,,,
,,,,,,,,,,,
,,,,,,,,,,,
,,,,,,,,,,,
,,,,,,,,,,,
,,,,,,,,,,,
,,,,,,,,,,,
,,,,,,,,,,,
,,,,,,,,,,,
,,,,,,,,,,,
,,,,,,,,,,,
,,,,,,,,,,,
,,,,,,,,,,,
,,,,,,,,,,,
,,,,,,,,,,,
,,,,,,,,,,,
,,,,,,,,,,,
,,,,,,,,,,,
,,,,,,,,,,,
,,,,,,,,,,,
,,,,,,,,,,,
,,,,,,,,,,,
,,,,,,,,,,,
,,,,,,,,,,,
,,,,,,,,,,,
,,,,,,,,,,,
,,,,,,,,,,,
,,,,,,,,,,,
,,,,,,,,,,,
,,,,,,,,,,,
,,,,,,,,,,,
,,,,,,,,,,,
,,,,,,,,,,,
,,,,,,,,,,,
,,,,,,,,,,,
,,,,,,,,,,,
,,,,,,,,,,,
,,,,,,,,,,,
,,,,,,,,,,,
,,,,,,,,,,,
,,,,,,,,,,,
,,,,,,,,,,,
,,,,,,,,,,,
,,,,,,,,,,,
,,,,,,,,,,,
,,,,,,,,,,,
,,,,,,,,,,,
,,,,,,,,,,,
,,,,,,,,,,,
,,,,,,,,,,,
,,,,,,,,,,,
,,,,,,,,,,,
,,,,,,,,,,,
,,,,,,,,,,,
,,,,,,,,,,,
,,,,,,,,,,,
,,,,,,,,,,,
,,,,,,,,,,,
,,,,,,,,,,,
,,,,,,,,,,,
,,,,,,,,,,,
,,,,,,,,,,,
,,,,,,,,,,,
,,,,,,,,,,,
,,,,,,,,,,,
,,,,,,,,,,,
,,,,,,,,,,,
,,,,,,,,,,,
,,,,,,,,,,,
,,,,,,,,,,,
,,,,,,,,,,,
,,,,,,,,,,,
,,,,,,,,,,,
,,,,,,,,,,,
,,,,,,,,,,,
,,,,,,,,,,,
,,,,,,,,,,,
,,,,,,,,,,,
,,,,,,,,,,,
,,,,,,,,,,,
,,,,,,,,,,,
,,,,,,,,,,,
,,,,,,,,,,,
,,,,,,,,,,,
,,,,,,,,,,,
,,,,,,,,,,,
,,,,,,,,,,,
,,,,,,,,,,,
,,,,,,,,,,,
,,,,,,,,,,,
,,,,,,,,,,,
,,,,,,,,,,,
,,,,,,,,,,,
,,,,,,,,,,,
,,,,,,,,,,,
,,,,,,,,,,,
,,,,,,,,,,,
,,,,,,,,,,,
,,,,,,,,,,,
,,,,,,,,,,,
,,,,,,,,,,,
,,,,,,,,,,,
,,,,,,,,,,,
,,,,,,,,,,,
,,,,,,,,,,,
,,,,,,,,,,,
,,,,,,,,,,,
,,,,,,,,,,,
,,,,,,,,,,,
,,,,,,,,,,,
,,,,,,,,,,,
,,,,,,,,,,,
,,,,,,,,,,,
,,,,,,,,,,,
,,,,,,,,,,,
,,,,,,,,,,,
,,,,,,,,,,,
,,,,,,,,,,,
,,,,,,,,,,,
,,,,,,,,,,,
,,,,,,,,,,,
,,,,,,,,,,,
,,,,,,,,,,,
,,,,,,,,,,,
,,,,,,,,,,,
,,,,,,,,,,,
,,,,,,,,,,,
,,,,,,,,,,,
,,,,,,,,,,,
,,,,,,,,,,,
,,,,,,,,,,,
,,,,,,,,,,,
,,,,,,,,,,,
,,,,,,,,,,,
,,,,,,,,,,,
,,,,,,,,,,,
,,,,,,,,,,,
,,,,,,,,,,,
,,,,,,,,,,,
,,,,,,,,,,,
,,,,,,,,,,,
,,,,,,,,,,,
,,,,,,,,,,,
,,,,,,,,,,,
,,,,,,,,,,,
,,,,,,,,,,,
,,,,,,,,,,,
,,,,,,,,,,,
,,,,,,,,,,,
,,,,,,,,,,,
,,,,,,,,,,,
,,,,,,,,,,,
,,,,,,,,,,,
,,,,,,,,,,,
,,,,,,,,,,,
,,,,,,,,,,,
,,,,,,,,,,,
,,,,,,,,,,,
,,,,,,,,,,,
,,,,,,,,,,,
,,,,,,,,,,,
,,,,,,,,,,,
,,,,,,,,,,,
,,,,,,,,,,,
,,,,,,,,,,,
,,,,,,,,,,,
,,,,,,,,,,,
,,,,,,,,,,,
,,,,,,,,,,,
,,,,,,,,,,,
,,,,,,,,,,,
,,,,,,,,,,,
,,,,,,,,,,,
,,,,,,,,,,,
,,,,,,,,,,,
,,,,,,,,,,,
,,,,,,,,,,,
,,,,,,,,,,,
,,,,,,,,,,,
,,,,,,,,,,,
,,,,,,,,,,,
,,,,,,,,,,,
,,,,,,,,,,,
,,,,,,,,,,,
,,,,,,,,,,,
,,,,,,,,,,,
,,,,,,,,,,,
,,,,,,,,,,,
,,,,,,,,,,,
,,,,,,,,,,,
,,,,,,,,,,,
,,,,,,,,,,,
,,,,,,,,,,,
,,,,,,,,,,,
,,,,,,,,,,,
,,,,,,,,,,,
,,,,,,,,,,,
,,,,,,,,,,,
,,,,,,,,,,,
,,,,,,,,,,,
,,,,,,,,,,,
,,,,,,,,,,,
,,,,,,,,,,,
,,,,,,,,,,,
,,,,,,,,,,,
,,,,,,,,,,,
,,,,,,,,,,,
,,,,,,,,,,,
,,,,,,,,,,,
,,,,,,,,,,,
,,,,,,,,,,,
,,,,,,,,,,,
,,,,,,,,,,,
,,,,,,,,,,,
,,,,,,,,,,,
,,,,,,,,,,,
,,,,,,,,,,,
,,,,,,,,,,,
,,,,,,,,,,,
,,,,,,,,,,,
,,,,,,,,,,,
,,,,,,,,,,,
,,,,,,,,,,,
,,,,,,,,,,,
,,,,,,,,,,,
,,,,,,,,,,,
,,,,,,,,,,,
,,,,,,,,,,,
,,,,,,,,,,,
,,,,,,,,,,,
,,,,,,,,,,,
,,,,,,,,,,,
,,,,,,,,,,,
,,,,,,,,,,,
,,,,,,,,,,,
,,,,,,,,,,,
,,,,,,,,,,,
,,,,,,,,,,,
,,,,,,,,,,,
,,,,,,,,,,,
,,,,,,,,,,,
,,,,,,,,,,,
,,,,,,,,,,,
,,,,,,,,,,,
,,,,,,,,,,,
,,,,,,,,,,,
,,,,,,,,,,,
,,,,,,,,,,,
,,,,,,,,,,,
,,,,,,,,,,,
,,,,,,,,,,,
,,,,,,,,,,,
,,,,,,,,,,,
,,,,,,,,,,,
,,,,,,,,,,,
,,,,,,,,,,,
,,,,,,,,,,,
,,,,,,,,,,,
,,,,,,,,,,,
,,,,,,,,,,,
,,,,,,,,,,,
,,,,,,,,,,,
,,,,,,,,,,,
,,,,,,,,,,,
,,,,,,,,,,,
,,,,,,,,,,,
,,,,,,,,,,,
,,,,,,,,,,,
,,,,,,,,,,,
,,,,,,,,,,,
,,,,,,,,,,,
,,,,,,,,,,,
,,,,,,,,,,,
,,,,,,,,,,,
,,,,,,,,,,,
,,,,,,,,,,,
,,,,,,,,,,,
,,,,,,,,,,,
,,,,,,,,,,,
,,,,,,,,,,,
,,,,,,,,,,,
,,,,,,,,,,,
,,,,,,,,,,,
,,,,,,,,,,,
,,,,,,,,,,,
,,,,,,,,,,,
,,,,,,,,,,,
,,,,,,,,,,,
,,,,,,,,,,,
,,,,,,,,,,,
,,,,,,,,,,,
,,,,,,,,,,,
,,,,,,,,,,,
,,,,,,,,,,,
,,,,,,,,,,,
,,,,,,,,,,,
,,,,,,,,,,,
,,,,,,,,,,,
,,,,,,,,,,,
,,,,,,,,,,,
,,,,,,,,,,,
,,,,,,,,,,,
,,,,,,,,,,,
,,,,,,,,,,,
,,,,,,,,,,,
,,,,,,,,,,,
,,,,,,,,,,,
,,,,,,,,,,,
,,,,,,,,,,,
,,,,,,,,,,,
,,,,,,,,,,,
,,,,,,,,,,,
,,,,,,,,,,,
,,,,,,,,,,,
,,,,,,,,,,,
,,,,,,,,,,,
,,,,,,,,,,,
,,,,,,,,,,,
,,,,,,,,,,,
,,,,,,,,,,,
,,,,,,,,,,,
,,,,,,,,,,,
,,,,,,,,,,,
,,,,,,,,,,,
,,,,,,,,,,,
,,,,,,,,,,,
,,,,,,,,,,,
,,,,,,,,,,,
,,,,,,,,,,,
,,,,,,,,,,,
,,,,,,,,,,,
,,,,,,,,,,,
,,,,,,,,,,,
,,,,,,,,,,,
,,,,,,,,,,,
,,,,,,,,,,,
,,,,,,,,,,,
,,,,,,,,,,,
,,,,,,,,,,,
,,,,,,,,,,,
,,,,,,,,,,,
,,,,,,,,,,,
,,,,,,,,,,,
,,,,,,,,,,,
,,,,,,,,,,,
,,,,,,,,,,,
,,,,,,,,,,,
,,,,,,,,,,,
,,,,,,,,,,,
,,,,,,,,,,,
,,,,,,,,,,,
,,,,,,,,,,,
,,,,,,,,,,,
,,,,,,,,,,,
,,,,,,,,,,,
,,,,,,,,,,,
,,,,,,,,,,,
,,,,,,,,,,,
,,,,,,,,,,,
,,,,,,,,,,,
,,,,,,,,,,,
,,,,,,,,,,,
,,,,,,,,,,,
,,,,,,,,,,,
,,,,,,,,,,,
,,,,,,,,,,,
,,,,,,,,,,,
,,,,,,,,,,,
,,,,,,,,,,,
,,,,,,,,,,,
,,,,,,,,,,,
,,,,,,,,,,,
,,,,,,,,,,,
,,,,,,,,,,,
,,,,,,,,,,,
,,,,,,,,,,,
,,,,,,,,,,,
,,,,,,,,,,,
,,,,,,,,,,,
,,,,,,,,,,,
,,,,,,,,,,,
,,,,,,,,,,,
,,,,,,,,,,,
,,,,,,,,,,,
,,,,,,,,,,,
,,,,,,,,,,,
,,,,,,,,,,,
,,,,,,,,,,,
,,,,,,,,,,,
,,,,,,,,,,,
,,,,,,,,,,,
,,,,,,,,,,,
,,,,,,,,,,,
,,,,,,,,,,,
,,,,,,,,,,,
,,,,,,,,,,,
,,,,,,,,,,,
,,,,,,,,,,,
,,,,,,,,,,,
,,,,,,,,,,,
,,,,,,,,,,,
,,,,,,,,,,,
,,,,,,,,,,,
,,,,,,,,,,,
,,,,,,,,,,,
,,,,,,,,,,,
,,,,,,,,,,,
,,,,,,,,,,,
,,,,,,,,,,,
,,,,,,,,,,,
,,,,,,,,,,,
,,,,,,,,,,,
,,,,,,,,,,,
,,,,,,,,,,,
,,,,,,,,,,,
,,,,,,,,,,,
,,,,,,,,,,,
,,,,,,,,,,,
,,,,,,,,,,,
,,,,,,,,,,,
,,,,,,,,,,,
,,,,,,,,,,,
,,,,,,,,,,,
,,,,,,,,,,,
,,,,,,,,,,,
,,,,,,,,,,,
,,,,,,,,,,,
,,,,,,,,,,,
,,,,,,,,,,,
,,,,,,,,,,,
,,,,,,,,,,,
,,,,,,,,,,,
,,,,,,,,,,,
,,,,,,,,,,,
,,,,,,,,,,,
,,,,,,,,,,,
,,,,,,,,,,,
,,,,,,,,,,,
,,,,,,,,,,,
,,,,,,,,,,,
,,,,,,,,,,,
,,,,,,,,,,,
,,,,,,,,,,,
,,,,,,,,,,,
,,,,,,,,,,,
,,,,,,,,,,,
,,,,,,,,,,,
,,,,,,,,,,,
,,,,,,,,,,,
,,,,,,,,,,,
,,,,,,,,,,,
,,,,,,,,,,,
,,,,,,,,,,,
,,,,,,,,,,,
,,,,,,,,,,,
,,,,,,,,,,,
,,,,,,,,,,,
,,,,,,,,,,,
,,,,,,,,,,,
,,,,,,,,,,,
,,,,,,,,,,,
,,,,,,,,,,,
,,,,,,,,,,,
,,,,,,,,,,,
,,,,,,,,,,,
,,,,,,,,,,,
,,,,,,,,,,,
,,,,,,,,,,,
,,,,,,,,,,,
,,,,,,,,,,,
,,,,,,,,,,,
,,,,,,,,,,,
,,,,,,,,,,,
,,,,,,,,,,,
,,,,,,,,,,,
,,,,,,,,,,,
,,,,,,,,,,,
,,,,,,,,,,,
,,,,,,,,,,,
,,,,,,,,,,,
,,,,,,,,,,,
,,,,,,,,,,,
,,,,,,,,,,,
,,,,,,,,,,,
,,,,,,,,,,,
,,,,,,,,,,,
,,,,,,,,,,,
,,,,,,,,,,,
,,,,,,,,,,,
,,,,,,,,,,,
,,,,,,,,,,,
,,,,,,,,,,,
,,,,,,,,,,,
,,,,,,,,,,,
,,,,,,,,,,,
,,,,,,,,,,,
,,,,,,,,,,,
,,,,,,,,,,,
,,,,,,,,,,,
,,,,,,,,,,,
,,,,,,,,,,,
,,,,,,,,,,,
,,,,,,,,,,,
,,,,,,,,,,,
,,,,,,,,,,,
,,,,,,,,,,,
,,,,,,,,,,,
,,,,,,,,,,,
,,,,,,,,,,,
,,,,,,,,,,,
,,,,,,,,,,,
,,,,,,,,,,,
,,,,,,,,,,,
,,,,,,,,,,,
,,,,,,,,,,,
,,,,,,,,,,,
,,,,,,,,,,,
,,,,,,,,,,,
,,,,,,,,,,,
,,,,,,,,,,,
,,,,,,,,,,,
,,,,,,,,,,,
,,,,,,,,,,,
,,,,,,,,,,,
,,,,,,,,,,,
,,,,,,,,,,,
,,,,,,,,,,,
,,,,,,,,,,,
,,,,,,,,,,,
,,,,,,,,,,,
,,,,,,,,,,,
,,,,,,,,,,,
,,,,,,,,,,,
,,,,,,,,,,,
,,,,,,,,,,,
,,,,,,,,,,,
,,,,,,,,,,,
,,,,,,,,,,,
,,,,,,,,,,,
,,,,,,,,,,,
,,,,,,,,,,,
,,,,,,,,,,,
,,,,,,,,,,,
,,,,,,,,,,,
,,,,,,,,,,,
,,,,,,,,,,,
,,,,,,,,,,,
,,,,,,,,,,,
,,,,,,,,,,,
,,,,,,,,,,,
,,,,,,,,,,,
,,,,,,,,,,,
,,,,,,,,,,,
,,,,,,,,,,,
,,,,,,,,,,,
,,,,,,,,,,,
,,,,,,,,,,,
,,,,,,,,,,,
,,,,,,,,,,,
,,,,,,,,,,,
,,,,,,,,,,,
,,,,,,,,,,,
,,,,,,,,,,,
,,,,,,,,,,,
,,,,,,,,,,,
,,,,,,,,,,,
,,,,,,,,,,,
,,,,,,,,,,,
,,,,,,,,,,,
,,,,,,,,,,,
,,,,,,,,,,,
,,,,,,,,,,,
,,,,,,,,,,,
,,,,,,,,,,,
,,,,,,,,,,,
,,,,,,,,,,,
,,,,,,,,,,,
,,,,,,,,,,,
,,,,,,,,,,,
,,,,,,,,,,,
,,,,,,,,,,,
,,,,,,,,,,,
,,,,,,,,,,,
,,,,,,,,,,,
,,,,,,,,,,,
,,,,,,,,,,,
,,,,,,,,,,,
,,,,,,,,,,,
,,,,,,,,,,,
,,,,,,,,,,,
,,,,,,,,,,,
,,,,,,,,,,,
,,,,,,,,,,,
,,,,,,,,,,,
,,,,,,,,,,,
,,,,,,,,,,,
,,,,,,,,,,,
,,,,,,,,,,,
,,,,,,,,,,,
,,,,,,,,,,,
,,,,,,,,,,,
,,,,,,,,,,,
,,,,,,,,,,,
,,,,,,,,,,,
,,,,,,,,,,,
,,,,,,,,,,,
,,,,,,,,,,,
,,,,,,,,,,,
,,,,,,,,,,,
,,,,,,,,,,,
,,,,,,,,,,,
,,,,,,,,,,,
,,,,,,,,,,,
,,,,,,,,,,,
,,,,,,,,,,,
,,,,,,,,,,,
,,,,,,,,,,,
,,,,,,,,,,,
,,,,,,,,,,,
,,,,,,,,,,,
,,,,,,,,,,,
,,,,,,,,,,,
,,,,,,,,,,,
,,,,,,,,,,,
,,,,,,,,,,,
,,,,,,,,,,,
,,,,,,,,,,,
,,,,,,,,,,,
,,,,,,,,,,,
,,,,,,,,,,,
,,,,,,,,,,,
,,,,,,,,,,,
,,,,,,,,,,,
,,,,,,,,,,,
,,,,,,,,,,,
,,,,,,,,,,,
,,,,,,,,,,,
,,,,,,,,,,,
,,,,,,,,,,,
,,,,,,,,,,,
,,,,,,,,,,,
,,,,,,,,,,,
,,,,,,,,,,,
,,,,,,,,,,,
,,,,,,,,,,,
,,,,,,,,,,,
,,,,,,,,,,,
,,,,,,,,,,,
,,,,,,,,,,,
,,,,,,,,,,,
,,,,,,,,,,,
,,,,,,,,,,,
,,,,,,,,,,,
,,,,,,,,,,,
,,,,,,,,,,,
,,,,,,,,,,,
,,,,,,,,,,,
,,,,,,,,,,,
,,,,,,,,,,,
,,,,,,,,,,,
,,,,,,,,,,,
,,,,,,,,,,,
,,,,,,,,,,,
,,,,,,,,,,,
,,,,,,,,,,,
,,,,,,,,,,,
,,,,,,,,,,,
,,,,,,,,,,,
,,,,,,,,,,,
,,,,,,,,,,,
,,,,,,,,,,,
,,,,,,,,,,,
,,,,,,,,,,,
,,,,,,,,,,,
,,,,,,,,,,,
,,,,,,,,,,,
,,,,,,,,,,,
,,,,,,,,,,,
,,,,,,,,,,,
,,,,,,,,,,,
,,,,,,,,,,,
,,,,,,,,,,,
,,,,,,,,,,,
,,,,,,,,,,,
,,,,,,,,,,,
,,,,,,,,,,,
,,,,,,,,,,,
,,,,,,,,,,,
,,,,,,,,,,,
,,,,,,,,,,,
,,,,,,,,,,,
,,,,,,,,,,,
,,,,,,,,,,,
,,,,,,,,,,,
,,,,,,,,,,,
,,,,,,,,,,,
,,,,,,,,,,,
,,,,,,,,,,,
,,,,,,,,,,,
,,,,,,,,,,,
,,,,,,,,,,,
,,,,,,,,,,,
,,,,,,,,,,,
,,,,,,,,,,,
,,,,,,,,,,,
,,,,,,,,,,,
,,,,,,,,,,,
,,,,,,,,,,,
,,,,,,,,,,,
,,,,,,,,,,,
,,,,,,,,,,,
,,,,,,,,,,,
,,,,,,,,,,,
,,,,,,,,,,,
,,,,,,,,,,,
,,,,,,,,,,,
,,,,,,,,,,,
,,,,,,,,,,,
,,,,,,,,,,,
,,,,,,,,,,,
,,,,,,,,,,,
,,,,,,,,,,,
,,,,,,,,,,,
,,,,,,,,,,,
,,,,,,,,,,,
,,,,,,,,,,,
,,,,,,,,,,,
,,,,,,,,,,,
,,,,,,,,,,,
,,,,,,,,,,,
,,,,,,,,,,,
,,,,,,,,,,,
,,,,,,,,,,,
,,,,,,,,,,,
,,,,,,,,,,,
,,,,,,,,,,,
,,,,,,,,,,,
,,,,,,,,,,,
,,,,,,,,,,,
,,,,,,,,,,,
,,,,,,,,,,,
,,,,,,,,,,,
,,,,,,,,,,,
,,,,,,,,,,,
,,,,,,,,,,,
,,,,,,,,,,,
,,,,,,,,,,,
,,,,,,,,,,,
,,,,,,,,,,,
,,,,,,,,,,,
,,,,,,,,,,,
,,,,,,,,,,,
,,,,,,,,,,,
,,,,,,,,,,,
,,,,,,,,,,,
,,,,,,,,,,,
,,,,,,,,,,,
,,,,,,,,,,,
,,,,,,,,,,,
,,,,,,,,,,,
,,,,,,,,,,,
,,,,,,,,,,,
,,,,,,,,,,,
,,,,,,,,,,,
,,,,,,,,,,,
,,,,,,,,,,,
,,,,,,,,,,,
,,,,,,,,,,,
,,,,,,,,,,,
,,,,,,,,,,,
,,,,,,,,,,,
,,,,,,,,,,,
,,,,,,,,,,,
,,,,,,,,,,,
,,,,,,,,,,,
,,,,,,,,,,,
,,,,,,,,,,,
,,,,,,,,,,,
,,,,,,,,,,,
,,,,,,,,,,,
,,,,,,,,,,,
,,,,,,,,,,,
,,,,,,,,,,,
,,,,,,,,,,,
,,,,,,,,,,,
,,,,,,,,,,,
,,,,,,,,,,,
,,,,,,,,,,,
,,,,,,,,,,,
,,,,,,,,,,,
,,,,,,,,,,,
,,,,,,,,,,,
,,,,,,,,,,,
,,,,,,,,,,,
,,,,,,,,,,,
,,,,,,,,,,,
,,,,,,,,,,,
,,,,,,,,,,,
,,,,,,,,,,,
,,,,,,,,,,,
,,,,,,,,,,,
,,,,,,,,,,,
,,,,,,,,,,,
,,,,,,,,,,,
,,,,,,,,,,,
,,,,,,,,,,,
,,,,,,,,,,,
,,,,,,,,,,,
,,,,,,,,,,,
,,,,,,,,,,,
,,,,,,,,,,,
,,,,,,,,,,,
,,,,,,,,,,,
,,,,,,,,,,,
,,,,,,,,,,,
,,,,,,,,,,,
,,,,,,,,,,,
,,,,,,,,,,,
,,,,,,,,,,,
,,,,,,,,,,,
,,,,,,,,,,,
,,,,,,,,,,,
,,,,,,,,,,,
,,,,,,,,,,,
,,,,,,,,,,,
,,,,,,,,,,,
,,,,,,,,,,,
,,,,,,,,,,,
,,,,,,,,,,,
,,,,,,,,,,,
,,,,,,,,,,,
,,,,,,,,,,,
,,,,,,,,,,,
,,,,,,,,,,,
,,,,,,,,,,,
,,,,,,,,,,,
,,,,,,,,,,,
,,,,,,,,,,,
,,,,,,,,,,,
,,,,,,,,,,,
,,,,,,,,,,,
,,,,,,,,,,,
,,,,,,,,,,,
,,,,,,,,,,,
,,,,,,,,,,,
,,,,,,,,,,,
,,,,,,,,,,,
,,,,,,,,,,,
,,,,,,,,,,,
,,,,,,,,,,,
,,,,,,,,,,,
,,,,,,,,,,,
,,,,,,,,,,,
,,,,,,,,,,,
,,,,,,,,,,,
,,,,,,,,,,,
,,,,,,,,,,,
,,,,,,,,,,,
,,,,,,,,,,,
,,,,,,,,,,,
,,,,,,,,,,,
,,,,,,,,,,,
,,,,,,,,,,,
,,,,,,,,,,,
,,,,,,,,,,,
,,,,,,,,,,,
,,,,,,,,,,,
,,,,,,,,,,,
,,,,,,,,,,,
,,,,,,,,,,,
,,,,,,,,,,,
,,,,,,,,,,,
,,,,,,,,,,,
,,,,,,,,,,,
,,,,,,,,,,,
,,,,,,,,,,,
,,,,,,,,,,,
,,,,,,,,,,,
,,,,,,,,,,,
,,,,,,,,,,,
,,,,,,,,,,,
,,,,,,,,,,,
,,,,,,,,,,,
,,,,,,,,,,,
,,,,,,,,,,,
,,,,,,,,,,,
,,,,,,,,,,,
,,,,,,,,,,,
,,,,,,,,,,,
,,,,,,,,,,,
,,,,,,,,,,,
,,,,,,,,,,,
,,,,,,,,,,,
,,,,,,,,,,,
,,,,,,,,,,,
,,,,,,,,,,,
,,,,,,,,,,,
,,,,,,,,,,,
,,,,,,,,,,,
,,,,,,,,,,,
,,,,,,,,,,,
,,,,,,,,,,,
,,,,,,,,,,,
,,,,,,,,,,,
,,,,,,,,,,,
,,,,,,,,,,,
,,,,,,,,,,,
,,,,,,,,,,,
,,,,,,,,,,,
,,,,,,,,,,,
,,,,,,,,,,,
,,,,,,,,,,,
,,,,,,,,,,,
,,,,,,,,,,,
,,,,,,,,,,,
,,,,,,,,,,,
,,,,,,,,,,,
,,,,,,,,,,,
,,,,,,,,,,,
,,,,,,,,,,,
,,,,,,,,,,,
,,,,,,,,,,,
,,,,,,,,,,,
,,,,,,,,,,,
,,,,,,,,,,,
,,,,,,,,,,,
,,,,,,,,,,,
,,,,,,,,,,,
,,,,,,,,,,,
,,,,,,,,,,,
,,,,,,,,,,,
,,,,,,,,,,,
,,,,,,,,,,,
,,,,,,,,,,,
,,,,,,,,,,,
,,,,,,,,,,,
,,,,,,,,,,,
,,,,,,,,,,,
,,,,,,,,,,,
,,,,,,,,,,,
,,,,,,,,,,,
,,,,,,,,,,,
,,,,,,,,,,,
,,,,,,,,,,,
,,,,,,,,,,,
,,,,,,,,,,,
,,,,,,,,,,,
,,,,,,,,,,,
,,,,,,,,,,,
,,,,,,,,,,,
,,,,,,,,,,,
,,,,,,,,,,,
,,,,,,,,,,,
,,,,,,,,,,,
,,,,,,,,,,,
,,,,,,,,,,,
,,,,,,,,,,,
,,,,,,,,,,,
,,,,,,,,,,,
,,,,,,,,,,,
,,,,,,,,,,,
,,,,,,,,,,,
,,,,,,,,,,,
,,,,,,,,,,,
,,,,,,,,,,,
,,,,,,,,,,,
,,,,,,,,,,,
,,,,,,,,,,,
,,,,,,,,,,,
,,,,,,,,,,,
,,,,,,,,,,,
,,,,,,,,,,,
,,,,,,,,,,,
,,,,,,,,,,,
,,,,,,,,,,,
,,,,,,,,,,,
,,,,,,,,,,,
,,,,,,,,,,,
,,,,,,,,,,,
,,,,,,,,,,,
,,,,,,,,,,,
,,,,,,,,,,,
,,,,,,,,,,,
,,,,,,,,,,,
,,,,,,,,,,,
,,,,,,,,,,,
,,,,,,,,,,,
,,,,,,,,,,,
,,,,,,,,,,,
,,,,,,,,,,,
,,,,,,,,,,,
,,,,,,,,,,,
,,,,,,,,,,,
,,,,,,,,,,,
,,,,,,,,,,,
,,,,,,,,,,,
,,,,,,,,,,,
,,,,,,,,,,,
,,,,,,,,,,,
,,,,,,,,,,,
,,,,,,,,,,,
,,,,,,,,,,,
,,,,,,,,,,,
,,,,,,,,,,,
,,,,,,,,,,,
,,,,,,,,,,,
,,,,,,,,,,,
,,,,,,,,,,,
,,,,,,,,,,,
,,,,,,,,,,,
,,,,,,,,,,,
,,,,,,,,,,,
,,,,,,,,,,,
,,,,,,,,,,,
,,,,,,,,,,,
,,,,,,,,,,,
,,,,,,,,,,,
,,,,,,,,,,,
,,,,,,,,,,,
,,,,,,,,,,,
,,,,,,,,,,,
,,,,,,,,,,,
,,,,,,,,,,,
,,,,,,,,,,,
,,,,,,,,,,,
,,,,,,,,,,,
,,,,,,,,,,,
,,,,,,,,,,,
,,,,,,,,,,,
,,,,,,,,,,,
,,,,,,,,,,,
,,,,,,,,,,,
,,,,,,,,,,,
,,,,,,,,,,,
,,,,,,,,,,,
,,,,,,,,,,,
,,,,,,,,,,,
,,,,,,,,,,,
,,,,,,,,,,,
,,,,,,,,,,,
,,,,,,,,,,,
,,,,,,,,,,,
,,,,,,,,,,,
,,,,,,,,,,,
,,,,,,,,,,,
,,,,,,,,,,,
,,,,,,,,,,,
,,,,,,,,,,,
,,,,,,,,,,,
,,,,,,,,,,,
,,,,,,,,,,,
,,,,,,,,,,,
,,,,,,,,,,,
,,,,,,,,,,,
,,,,,,,,,,,
,,,,,,,,,,,
,,,,,,,,,,,
,,,,,,,,,,,
,,,,,,,,,,,
,,,,,,,,,,,
,,,,,,,,,,,
,,,,,,,,,,,
,,,,,,,,,,,
,,,,,,,,,,,
,,,,,,,,,,,
,,,,,,,,,,,
,,,,,,,,,,,
,,,,,,,,,,,
,,,,,,,,,,,
,,,,,,,,,,,
,,,,,,,,,,,
,,,,,,,,,,,
,,,,,,,,,,,
,,,,,,,,,,,
,,,,,,,,,,,
,,,,,,,,,,,
,,,,,,,,,,,
,,,,,,,,,,,
,,,,,,,,,,,
,,,,,,,,,,,
,,,,,,,,,,,
,,,,,,,,,,,
,,,,,,,,,,,
,,,,,,,,,,,
,,,,,,,,,,,
,,,,,,,,,,,
,,,,,,,,,,,
,,,,,,,,,,,
,,,,,,,,,,,
,,,,,,,,,,,
,,,,,,,,,,,
,,,,,,,,,,,
,,,,,,,,,,,
,,,,,,,,,,,
,,,,,,,,,,,
,,,,,,,,,,,
,,,,,,,,,,,
,,,,,,,,,,,
,,,,,,,,,,,
,,,,,,,,,,,
,,,,,,,,,,,
,,,,,,,,,,,
,,,,,,,,,,,
,,,,,,,,,,,
,,,,,,,,,,,
,,,,,,,,,,,
,,,,,,,,,,,
,,,,,,,,,,,
,,,,,,,,,,,
,,,,,,,,,,,
,,,,,,,,,,,
,,,,,,,,,,,
,,,,,,,,,,,
,,,,,,,,,,,
,,,,,,,,,,,
,,,,,,,,,,,
,,,,,,,,,,,
,,,,,,,,,,,
,,,,,,,,,,,
,,,,,,,,,,,
,,,,,,,,,,,
,,,,,,,,,,,
,,,,,,,,,,,
,,,,,,,,,,,
,,,,,,,,,,,
,,,,,,,,,,,
,,,,,,,,,,,
,,,,,,,,,,,
,,,,,,,,,,,
,,,,,,,,,,,
,,,,,,,,,,,
,,,,,,,,,,,
,,,,,,,,,,,
,,,,,,,,,,,
,,,,,,,,,,,
,,,,,,,,,,,
,,,,,,,,,,,
,,,,,,,,,,,
,,,,,,,,,,,
,,,,,,,,,,,
,,,,,,,,,,,
,,,,,,,,,,,
,,,,,,,,,,,
,,,,,,,,,,,
,,,,,,,,,,,
,,,,,,,,,,,
,,,,,,,,,,,
,,,,,,,,,,,
,,,,,,,,,,,
,,,,,,,,,,,
,,,,,,,,,,,
,,,,,,,,,,,
,,,,,,,,,,,
,,,,,,,,,,,
,,,,,,,,,,,
,,,,,,,,,,,
,,,,,,,,,,,
,,,,,,,,,,,
,,,,,,,,,,,
,,,,,,,,,,,
,,,,,,,,,,,
,,,,,,,,,,,
,,,,,,,,,,,
,,,,,,,,,,,
,,,,,,,,,,,
,,,,,,,,,,,
,,,,,,,,,,,
,,,,,,,,,,,
,,,,,,,,,,,
,,,,,,,,,,,
,,,,,,,,,,,
,,,,,,,,,,,
,,,,,,,,,,,
,,,,,,,,,,,
,,,,,,,,,,,
,,,,,,,,,,,
,,,,,,,,,,,
,,,,,,,,,,,
,,,,,,,,,,,
,,,,,,,,,,,
,,,,,,,,,,,
,,,,,,,,,,,
,,,,,,,,,,,
,,,,,,,,,,,
,,,,,,,,,,,
,,,,,,,,,,,
,,,,,,,,,,,
,,,,,,,,,,,
,,,,,,,,,,,
,,,,,,,,,,,
,,,,,,,,,,,
,,,,,,,,,,,
,,,,,,,,,,,
,,,,,,,,,,,
,,,,,,,,,,,
,,,,,,,,,,,
,,,,,,,,,,,
,,,,,,,,,,,
,,,,,,,,,,,
,,,,,,,,,,,
,,,,,,,,,,,
,,,,,,,,,,,
,,,,,,,,,,,
,,,,,,,,,,,
,,,,,,,,,,,
,,,,,,,,,,,
,,,,,,,,,,,
,,,,,,,,,,,
,,,,,,,,,,,
,,,,,,,,,,,
,,,,,,,,,,,
,,,,,,,,,,,
,,,,,,,,,,,
,,,,,,,,,,,
,,,,,,,,,,,
,,,,,,,,,,,
,,,,,,,,,,,
,,,,,,,,,,,
,,,,,,,,,,,
,,,,,,,,,,,
,,,,,,,,,,,
,,,,,,,,,,,
,,,,,,,,,,,
,,,,,,,,,,,
,,,,,,,,,,,
,,,,,,,,,,,
,,,,,,,,,,,
,,,,,,,,,,,
,,,,,,,,,,,
,,,,,,,,,,,
,,,,,,,,,,,
,,,,,,,,,,,
,,,,,,,,,,,
,,,,,,,,,,,
,,,,,,,,,,,
,,,,,,,,,,,
,,,,,,,,,,,
,,,,,,,,,,,
,,,,,,,,,,,
,,,,,,,,,,,
,,,,,,,,,,,
,,,,,,,,,,,
,,,,,,,,,,,
,,,,,,,,,,,
,,,,,,,,,,,
,,,,,,,,,,,
,,,,,,,,,,,
,,,,,,,,,,,
,,,,,,,,,,,
,,,,,,,,,,,
,,,,,,,,,,,
,,,,,,,,,,,
,,,,,,,,,,,
,,,,,,,,,,,
,,,,,,,,,,,
,,,,,,,,,,,
,,,,,,,,,,,
,,,,,,,,,,,
,,,,,,,,,,,
,,,,,,,,,,,
,,,,,,,,,,,
,,,,,,,,,,,
,,,,,,,,,,,
,,,,,,,,,,,
,,,,,,,,,,,
,,,,,,,,,,,
,,,,,,,,,,,
,,,,,,,,,,,
,,,,,,,,,,,
,,,,,,,,,,,
,,,,,,,,,,,
,,,,,,,,,,,
,,,,,,,,,,,
,,,,,,,,,,,
,,,,,,,,,,,
,,,,,,,,,,,
,,,,,,,,,,,
,,,,,,,,,,,
,,,,,,,,,,,
,,,,,,,,,,,
,,,,,,,,,,,
,,,,,,,,,,,
,,,,,,,,,,,
,,,,,,,,,,,
,,,,,,,,,,,
,,,,,,,,,,,
,,,,,,,,,,,
,,,,,,,,,,,
,,,,,,,,,,,
,,,,,,,,,,,
,,,,,,,,,,,
,,,,,,,,,,,
,,,,,,,,,,,
,,,,,,,,,,,
,,,,,,,,,,,
,,,,,,,,,,,
,,,,,,,,,,,
,,,,,,,,,,,
,,,,,,,,,,,
,,,,,,,,,,,
,,,,,,,,,,,
,,,,,,,,,,,
,,,,,,,,,,,
,,,,,,,,,,,
,,,,,,,,,,,
,,,,,,,,,,,
,,,,,,,,,,,
,,,,,,,,,,,
,,,,,,,,,,,
,,,,,,,,,,,
,,,,,,,,,,,
,,,,,,,,,,,
,,,,,,,,,,,
,,,,,,,,,,,
,,,,,,,,,,,
,,,,,,,,,,,
,,,,,,,,,,,
,,,,,,,,,,,
,,,,,,,,,,,
,,,,,,,,,,,
,,,,,,,,,,,
,,,,,,,,,,,
,,,,,,,,,,,
,,,,,,,,,,,
,,,,,,,,,,,
,,,,,,,,,,,
,,,,,,,,,,,
,,,,,,,,,,,
,,,,,,,,,,,
,,,,,,,,,,,
,,,,,,,,,,,
,,,,,,,,,,,
,,,,,,,,,,,
,,,,,,,,,,,
,,,,,,,,,,,
,,,,,,,,,,,
,,,,,,,,,,,
,,,,,,,,,,,
,,,,,,,,,,,
,,,,,,,,,,,
,,,,,,,,,,,
,,,,,,,,,,,
,,,,,,,,,,,
,,,,,,,,,,,
,,,,,,,,,,,
,,,,,,,,,,,
,,,,,,,,,,,
,,,,,,,,,,,
,,,,,,,,,,,
,,,,,,,,,,,
,,,,,,,,,,,
,,,,,,,,,,,
,,,,,,,,,,,
,,,,,,,,,,,
,,,,,,,,,,,
,,,,,,,,,,,
,,,,,,,,,,,
,,,,,,,,,,,
,,,,,,,,,,,
,,,,,,,,,,,
,,,,,,,,,,,
,,,,,,,,,,,
,,,,,,,,,,,
,,,,,,,,,,,
,,,,,,,,,,,
,,,,,,,,,,,
,,,,,,,,,,,
,,,,,,,,,,,
,,,,,,,,,,,
,,,,,,,,,,,
,,,,,,,,,,,
,,,,,,,,,,,
,,,,,,,,,,,
,,,,,,,,,,,
,,,,,,,,,,,
,,,,,,,,,,,
,,,,,,,,,,,
,,,,,,,,,,,
,,,,,,,,,,,
,,,,,,,,,,,
,,,,,,,,,,,
,,,,,,,,,,,
,,,,,,,,,,,
,,,,,,,,,,,
,,,,,,,,,,,
,,,,,,,,,,,
,,,,,,,,,,,
,,,,,,,,,,,
,,,,,,,,,,,
,,,,,,,,,,,
,,,,,,,,,,,
,,,,,,,,,,,
,,,,,,,,,,,
,,,,,,,,,,,
,,,,,,,,,,,
,,,,,,,,,,,
,,,,,,,,,,,
,,,,,,,,,,,
,,,,,,,,,,,
,,,,,,,,,,,
,,,,,,,,,,,
,,,,,,,,,,,
,,,,,,,,,,,
,,,,,,,,,,,
,,,,,,,,,,,
,,,,,,,,,,,
,,,,,,,,,,,
,,,,,,,,,,,
,,,,,,,,,,,
,,,,,,,,,,,
,,,,,,,,,,,
,,,,,,,,,,,
,,,,,,,,,,,
,,,,,,,,,,,
,,,,,,,,,,,
,,,,,,,,,,,
,,,,,,,,,,,
,,,,,,,,,,,
,,,,,,,,,,,
,,,,,,,,,,,
,,,,,,,,,,,
,,,,,,,,,,,
,,,,,,,,,,,
,,,,,,,,,,,
,,,,,,,,,,,
,,,,,,,,,,,
,,,,,,,,,,,
,,,,,,,,,,,
,,,,,,,,,,,
,,,,,,,,,,,
,,,,,,,,,,,
,,,,,,,,,,,
,,,,,,,,,,,
,,,,,,,,,,,
,,,,,,,,,,,
,,,,,,,,,,,
,,,,,,,,,,,
,,,,,,,,,,,
,,,,,,,,,,,
,,,,,,,,,,,
,,,,,,,,,,,
,,,,,,,,,,,
,,,,,,,,,,,
,,,,,,,,,,,
,,,,,,,,,,,
,,,,,,,,,,,
,,,,,,,,,,,
,,,,,,,,,,,
,,,,,,,,,,,
,,,,,,,,,,,
,,,,,,,,,,,
,,,,,,,,,,,
,,,,,,,,,,,
,,,,,,,,,,,
,,,,,,,,,,,
,,,,,,,,,,,
,,,,,,,,,,,
,,,,,,,,,,,
,,,,,,,,,,,
,,,,,,,,,,,
